{
  "type": "FeatureCollection",
  "features": [
    {
      "type": "Feature",
      "geometry": {
        "type": "Point",
        "coordinates": [
          76.8135477,
          30.7170531
        ]
      },
      "properties": {
        "direction_id": "r16450017",
        "route_id": "1",
        "sequence": 0,
        "osm_node_id": 11230148264,
        "name": null,
        "footfall_prior": 0.0
      }
    },
    {
      "type": "Feature",
      "geometry": {
        "type": "Point",
        "coordinates": [
          76.8190972,
          30.702824
        ]
      },
      "properties": {
        "direction_id": "r16450017",
        "route_id": "1",
        "sequence": 1,
        "osm_node_id": 2914440106,
        "name": "Chandigarh Railway Station",
        "footfall_prior": 0.0
      }
    },
    {
      "type": "Feature",
      "geometry": {
        "type": "Point",
        "coordinates": [
          76.8227532,
          30.7123935
        ]
      },
      "properties": {
        "direction_id": "r16450017",
        "route_id": "1",
        "sequence": 2,
        "osm_node_id": 11230165511,
        "name": null,
        "footfall_prior": 0.0
      }
    },
    {
      "type": "Feature",
      "geometry": {
        "type": "Point",
        "coordinates": [
          76.8296565,
          30.7091315
        ]
      },
      "properties": {
        "direction_id": "r16450017",
        "route_id": "1",
        "sequence": 3,
        "osm_node_id": 11230163714,
        "name": null,
        "footfall_prior": 0.0
      }
    },
    {
      "type": "Feature",
      "geometry": {
        "type": "Point",
        "coordinates": [
          76.8360406,
          30.7076089
        ]
      },
      "properties": {
        "direction_id": "r16450017",
        "route_id": "1",
        "sequence": 4,
        "osm_node_id": 10000240246,
        "name": "Housing Board Chowk",
        "footfall_prior": 0.0
      }
    },
    {
      "type": "Feature",
      "geometry": {
        "type": "Point",
        "coordinates": [
          76.8390732,
          30.7092765
        ]
      },
      "properties": {
        "direction_id": "r16450017",
        "route_id": "1",
        "sequence": 5,
        "osm_node_id": 10744858599,
        "name": null,
        "footfall_prior": 0.0
      }
    },
    {
      "type": "Feature",
      "geometry": {
        "type": "Point",
        "coordinates": [
          76.8391663,
          30.7090224
        ]
      },
      "properties": {
        "direction_id": "r16450063",
        "route_id": "1",
        "sequence": 0,
        "osm_node_id": 11148076756,
        "name": null,
        "footfall_prior": 0.0
      }
    },
    {
      "type": "Feature",
      "geometry": {
        "type": "Point",
        "coordinates": [
          76.8360406,
          30.7076089
        ]
      },
      "properties": {
        "direction_id": "r16450063",
        "route_id": "1",
        "sequence": 1,
        "osm_node_id": 10000240246,
        "name": "Housing Board Chowk",
        "footfall_prior": 0.0
      }
    },
    {
      "type": "Feature",
      "geometry": {
        "type": "Point",
        "coordinates": [
          76.8296565,
          30.7091315
        ]
      },
      "properties": {
        "direction_id": "r16450063",
        "route_id": "1",
        "sequence": 2,
        "osm_node_id": 11230163714,
        "name": null,
        "footfall_prior": 0.0
      }
    },
    {
      "type": "Feature",
      "geometry": {
        "type": "Point",
        "coordinates": [
          76.8227532,
          30.7123935
        ]
      },
      "properties": {
        "direction_id": "r16450063",
        "route_id": "1",
        "sequence": 3,
        "osm_node_id": 11230165511,
        "name": null,
        "footfall_prior": 0.0
      }
    },
    {
      "type": "Feature",
      "geometry": {
        "type": "Point",
        "coordinates": [
          76.8190972,
          30.702824
        ]
      },
      "properties": {
        "direction_id": "r16450063",
        "route_id": "1",
        "sequence": 4,
        "osm_node_id": 2914440106,
        "name": "Chandigarh Railway Station",
        "footfall_prior": 0.0
      }
    },
    {
      "type": "Feature",
      "geometry": {
        "type": "Point",
        "coordinates": [
          76.8135477,
          30.7170531
        ]
      },
      "properties": {
        "direction_id": "r16450063",
        "route_id": "1",
        "sequence": 5,
        "osm_node_id": 11230148264,
        "name": null,
        "footfall_prior": 0.0
      }
    },
    {
      "type": "Feature",
      "geometry": {
        "type": "Point",
        "coordinates": [
          76.8074116,
          30.722668
        ]
      },
      "properties": {
        "direction_id": "r16454921",
        "route_id": "2",
        "sequence": 0,
        "osm_node_id": 11335525458,
        "name": null,
        "footfall_prior": 0.0
      }
    },
    {
      "type": "Feature",
      "geometry": {
        "type": "Point",
        "coordinates": [
          76.8135477,
          30.7170531
        ]
      },
      "properties": {
        "direction_id": "r16454921",
        "route_id": "2",
        "sequence": 1,
        "osm_node_id": 11230148264,
        "name": null,
        "footfall_prior": 0.0
      }
    },
    {
      "type": "Feature",
      "geometry": {
        "type": "Point",
        "coordinates": [
          76.8227532,
          30.7123935
        ]
      },
      "properties": {
        "direction_id": "r16454921",
        "route_id": "2",
        "sequence": 2,
        "osm_node_id": 11230165511,
        "name": null,
        "footfall_prior": 0.0
      }
    },
    {
      "type": "Feature",
      "geometry": {
        "type": "Point",
        "coordinates": [
          76.8227532,
          30.7123935
        ]
      },
      "properties": {
        "direction_id": "r16454938",
        "route_id": "2",
        "sequence": 0,
        "osm_node_id": 11230165511,
        "name": null,
        "footfall_prior": 0.0
      }
    },
    {
      "type": "Feature",
      "geometry": {
        "type": "Point",
        "coordinates": [
          76.8135477,
          30.7170531
        ]
      },
      "properties": {
        "direction_id": "r16454938",
        "route_id": "2",
        "sequence": 1,
        "osm_node_id": 11230148264,
        "name": null,
        "footfall_prior": 0.0
      }
    },
    {
      "type": "Feature",
      "geometry": {
        "type": "Point",
        "coordinates": [
          76.8074116,
          30.722668
        ]
      },
      "properties": {
        "direction_id": "r16454938",
        "route_id": "2",
        "sequence": 2,
        "osm_node_id": 11335525458,
        "name": null,
        "footfall_prior": 0.0
      }
    },
    {
      "type": "Feature",
      "geometry": {
        "type": "Point",
        "coordinates": [
          76.8074116,
          30.722668
        ]
      },
      "properties": {
        "direction_id": "r16454969",
        "route_id": "2A",
        "sequence": 0,
        "osm_node_id": 11335525458,
        "name": null,
        "footfall_prior": 0.0
      }
    },
    {
      "type": "Feature",
      "geometry": {
        "type": "Point",
        "coordinates": [
          76.8035954,
          30.7269827
        ]
      },
      "properties": {
        "direction_id": "r16454969",
        "route_id": "2A",
        "sequence": 1,
        "osm_node_id": 11335525457,
        "name": null,
        "footfall_prior": 0.0
      }
    },
    {
      "type": "Feature",
      "geometry": {
        "type": "Point",
        "coordinates": [
          76.7940228,
          30.7368248
        ]
      },
      "properties": {
        "direction_id": "r16454969",
        "route_id": "2A",
        "sequence": 2,
        "osm_node_id": 6970853271,
        "name": null,
        "footfall_prior": 0.0
      }
    },
    {
      "type": "Feature",
      "geometry": {
        "type": "Point",
        "coordinates": [
          76.7927769,
          30.7386127
        ]
      },
      "properties": {
        "direction_id": "r16454969",
        "route_id": "2A",
        "sequence": 3,
        "osm_node_id": 11335525459,
        "name": null,
        "footfall_prior": 0.0
      }
    },
    {
      "type": "Feature",
      "geometry": {
        "type": "Point",
        "coordinates": [
          76.7752879,
          30.7600181
        ]
      },
      "properties": {
        "direction_id": "r16454969",
        "route_id": "2A",
        "sequence": 4,
        "osm_node_id": 11053559568,
        "name": "PGI",
        "footfall_prior": 0.0
      }
    },
    {
      "type": "Feature",
      "geometry": {
        "type": "Point",
        "coordinates": [
          76.7817645,
          30.7312616
        ]
      },
      "properties": {
        "direction_id": "r16454969",
        "route_id": "2A",
        "sequence": 5,
        "osm_node_id": 11147439160,
        "name": null,
        "footfall_prior": 0.0
      }
    },
    {
      "type": "Feature",
      "geometry": {
        "type": "Point",
        "coordinates": [
          76.8135477,
          30.7170531
        ]
      },
      "properties": {
        "direction_id": "r16454969",
        "route_id": "2A",
        "sequence": 6,
        "osm_node_id": 11230148264,
        "name": null,
        "footfall_prior": 0.0
      }
    },
    {
      "type": "Feature",
      "geometry": {
        "type": "Point",
        "coordinates": [
          76.8190972,
          30.702824
        ]
      },
      "properties": {
        "direction_id": "r16454969",
        "route_id": "2A",
        "sequence": 7,
        "osm_node_id": 2914440106,
        "name": "Chandigarh Railway Station",
        "footfall_prior": 0.0
      }
    },
    {
      "type": "Feature",
      "geometry": {
        "type": "Point",
        "coordinates": [
          76.8227532,
          30.7123935
        ]
      },
      "properties": {
        "direction_id": "r16454969",
        "route_id": "2A",
        "sequence": 8,
        "osm_node_id": 11230165511,
        "name": null,
        "footfall_prior": 0.0
      }
    },
    {
      "type": "Feature",
      "geometry": {
        "type": "Point",
        "coordinates": [
          76.8296565,
          30.7091315
        ]
      },
      "properties": {
        "direction_id": "r16454969",
        "route_id": "2A",
        "sequence": 9,
        "osm_node_id": 11230163714,
        "name": null,
        "footfall_prior": 0.0
      }
    },
    {
      "type": "Feature",
      "geometry": {
        "type": "Point",
        "coordinates": [
          76.8360406,
          30.7076089
        ]
      },
      "properties": {
        "direction_id": "r16454969",
        "route_id": "2A",
        "sequence": 10,
        "osm_node_id": 10000240246,
        "name": "Housing Board Chowk",
        "footfall_prior": 0.0
      }
    },
    {
      "type": "Feature",
      "geometry": {
        "type": "Point",
        "coordinates": [
          76.8390732,
          30.7092765
        ]
      },
      "properties": {
        "direction_id": "r16454969",
        "route_id": "2A",
        "sequence": 11,
        "osm_node_id": 10744858599,
        "name": null,
        "footfall_prior": 0.0
      }
    },
    {
      "type": "Feature",
      "geometry": {
        "type": "Point",
        "coordinates": [
          76.8391663,
          30.7090224
        ]
      },
      "properties": {
        "direction_id": "r16454980",
        "route_id": "2C",
        "sequence": 0,
        "osm_node_id": 11148076756,
        "name": null,
        "footfall_prior": 0.0
      }
    },
    {
      "type": "Feature",
      "geometry": {
        "type": "Point",
        "coordinates": [
          76.8360406,
          30.7076089
        ]
      },
      "properties": {
        "direction_id": "r16454980",
        "route_id": "2C",
        "sequence": 1,
        "osm_node_id": 10000240246,
        "name": "Housing Board Chowk",
        "footfall_prior": 0.0
      }
    },
    {
      "type": "Feature",
      "geometry": {
        "type": "Point",
        "coordinates": [
          76.8296565,
          30.7091315
        ]
      },
      "properties": {
        "direction_id": "r16454980",
        "route_id": "2C",
        "sequence": 2,
        "osm_node_id": 11230163714,
        "name": null,
        "footfall_prior": 0.0
      }
    },
    {
      "type": "Feature",
      "geometry": {
        "type": "Point",
        "coordinates": [
          76.8190972,
          30.702824
        ]
      },
      "properties": {
        "direction_id": "r16454980",
        "route_id": "2C",
        "sequence": 3,
        "osm_node_id": 2914440106,
        "name": "Chandigarh Railway Station",
        "footfall_prior": 0.0
      }
    },
    {
      "type": "Feature",
      "geometry": {
        "type": "Point",
        "coordinates": [
          76.7817645,
          30.7312616
        ]
      },
      "properties": {
        "direction_id": "r16454980",
        "route_id": "2C",
        "sequence": 4,
        "osm_node_id": 11147439160,
        "name": null,
        "footfall_prior": 0.0
      }
    },
    {
      "type": "Feature",
      "geometry": {
        "type": "Point",
        "coordinates": [
          76.7752879,
          30.7600181
        ]
      },
      "properties": {
        "direction_id": "r16454980",
        "route_id": "2C",
        "sequence": 5,
        "osm_node_id": 11053559568,
        "name": "PGI",
        "footfall_prior": 0.0
      }
    },
    {
      "type": "Feature",
      "geometry": {
        "type": "Point",
        "coordinates": [
          76.7927769,
          30.7386127
        ]
      },
      "properties": {
        "direction_id": "r16454980",
        "route_id": "2C",
        "sequence": 6,
        "osm_node_id": 11335525459,
        "name": null,
        "footfall_prior": 0.0
      }
    },
    {
      "type": "Feature",
      "geometry": {
        "type": "Point",
        "coordinates": [
          76.7940228,
          30.7368248
        ]
      },
      "properties": {
        "direction_id": "r16454980",
        "route_id": "2C",
        "sequence": 7,
        "osm_node_id": 6970853271,
        "name": null,
        "footfall_prior": 0.0
      }
    },
    {
      "type": "Feature",
      "geometry": {
        "type": "Point",
        "coordinates": [
          76.8035954,
          30.7269827
        ]
      },
      "properties": {
        "direction_id": "r16454980",
        "route_id": "2C",
        "sequence": 8,
        "osm_node_id": 11335525457,
        "name": null,
        "footfall_prior": 0.0
      }
    },
    {
      "type": "Feature",
      "geometry": {
        "type": "Point",
        "coordinates": [
          76.8074116,
          30.722668
        ]
      },
      "properties": {
        "direction_id": "r16454980",
        "route_id": "2C",
        "sequence": 9,
        "osm_node_id": 11335525458,
        "name": null,
        "footfall_prior": 0.0
      }
    },
    {
      "type": "Feature",
      "geometry": {
        "type": "Point",
        "coordinates": [
          76.8135477,
          30.7170531
        ]
      },
      "properties": {
        "direction_id": "r16454980",
        "route_id": "2C",
        "sequence": 10,
        "osm_node_id": 11230148264,
        "name": null,
        "footfall_prior": 0.0
      }
    },
    {
      "type": "Feature",
      "geometry": {
        "type": "Point",
        "coordinates": [
          76.8227532,
          30.7123935
        ]
      },
      "properties": {
        "direction_id": "r16454980",
        "route_id": "2C",
        "sequence": 11,
        "osm_node_id": 11230165511,
        "name": null,
        "footfall_prior": 0.0
      }
    },
    {
      "type": "Feature",
      "geometry": {
        "type": "Point",
        "coordinates": [
          76.7504965,
          30.7153735
        ]
      },
      "properties": {
        "direction_id": "r16455248",
        "route_id": "4A",
        "sequence": 0,
        "osm_node_id": 4306384689,
        "name": "Sector 43-44 road",
        "footfall_prior": 0.0
      }
    },
    {
      "type": "Feature",
      "geometry": {
        "type": "Point",
        "coordinates": [
          76.7660614,
          30.7247451
        ]
      },
      "properties": {
        "direction_id": "r16455248",
        "route_id": "4A",
        "sequence": 1,
        "osm_node_id": 1041047045,
        "name": "Bus Stop, Sector 34-A",
        "footfall_prior": 0.0
      }
    },
    {
      "type": "Feature",
      "geometry": {
        "type": "Point",
        "coordinates": [
          76.7787227,
          30.7326894
        ]
      },
      "properties": {
        "direction_id": "r16455248",
        "route_id": "4A",
        "sequence": 2,
        "osm_node_id": 11147476433,
        "name": null,
        "footfall_prior": 0.0
      }
    },
    {
      "type": "Feature",
      "geometry": {
        "type": "Point",
        "coordinates": [
          76.7752879,
          30.7600181
        ]
      },
      "properties": {
        "direction_id": "r16455248",
        "route_id": "4A",
        "sequence": 3,
        "osm_node_id": 11053559568,
        "name": "PGI",
        "footfall_prior": 0.0
      }
    },
    {
      "type": "Feature",
      "geometry": {
        "type": "Point",
        "coordinates": [
          76.7309045,
          30.731528
        ]
      },
      "properties": {
        "direction_id": "r16455248",
        "route_id": "4A",
        "sequence": 4,
        "osm_node_id": 4461158789,
        "name": null,
        "footfall_prior": 0.0
      }
    },
    {
      "type": "Feature",
      "geometry": {
        "type": "Point",
        "coordinates": [
          76.7426917,
          30.7163272
        ]
      },
      "properties": {
        "direction_id": "r16455248",
        "route_id": "4A",
        "sequence": 5,
        "osm_node_id": 1425480419,
        "name": "ISBT",
        "footfall_prior": 0.0
      }
    },
    {
      "type": "Feature",
      "geometry": {
        "type": "Point",
        "coordinates": [
          76.7433637,
          30.7171785
        ]
      },
      "properties": {
        "direction_id": "r16455248",
        "route_id": "4A",
        "sequence": 6,
        "osm_node_id": 28845205,
        "name": "CTU Local Bus Station 43",
        "footfall_prior": 0.0
      }
    },
    {
      "type": "Feature",
      "geometry": {
        "type": "Point",
        "coordinates": [
          76.7504965,
          30.7153735
        ]
      },
      "properties": {
        "direction_id": "r16474801",
        "route_id": "4C",
        "sequence": 0,
        "osm_node_id": 4306384689,
        "name": "Sector 43-44 road",
        "footfall_prior": 0.0
      }
    },
    {
      "type": "Feature",
      "geometry": {
        "type": "Point",
        "coordinates": [
          76.7142005,
          30.7385591
        ]
      },
      "properties": {
        "direction_id": "r16474801",
        "route_id": "4C",
        "sequence": 1,
        "osm_node_id": 4461159291,
        "name": null,
        "footfall_prior": 0.0
      }
    },
    {
      "type": "Feature",
      "geometry": {
        "type": "Point",
        "coordinates": [
          76.7752879,
          30.7600181
        ]
      },
      "properties": {
        "direction_id": "r16474801",
        "route_id": "4C",
        "sequence": 2,
        "osm_node_id": 11053559568,
        "name": "PGI",
        "footfall_prior": 0.0
      }
    },
    {
      "type": "Feature",
      "geometry": {
        "type": "Point",
        "coordinates": [
          76.7787227,
          30.7326894
        ]
      },
      "properties": {
        "direction_id": "r16474801",
        "route_id": "4C",
        "sequence": 3,
        "osm_node_id": 11147476433,
        "name": null,
        "footfall_prior": 0.0
      }
    },
    {
      "type": "Feature",
      "geometry": {
        "type": "Point",
        "coordinates": [
          76.7660614,
          30.7247451
        ]
      },
      "properties": {
        "direction_id": "r16474801",
        "route_id": "4C",
        "sequence": 4,
        "osm_node_id": 1041047045,
        "name": "Bus Stop, Sector 34-A",
        "footfall_prior": 0.0
      }
    },
    {
      "type": "Feature",
      "geometry": {
        "type": "Point",
        "coordinates": [
          76.7426917,
          30.7163272
        ]
      },
      "properties": {
        "direction_id": "r16474801",
        "route_id": "4C",
        "sequence": 5,
        "osm_node_id": 1425480419,
        "name": "ISBT",
        "footfall_prior": 0.0
      }
    },
    {
      "type": "Feature",
      "geometry": {
        "type": "Point",
        "coordinates": [
          76.7433637,
          30.7171785
        ]
      },
      "properties": {
        "direction_id": "r16474801",
        "route_id": "4C",
        "sequence": 6,
        "osm_node_id": 28845205,
        "name": "CTU Local Bus Station 43",
        "footfall_prior": 0.0
      }
    },
    {
      "type": "Feature",
      "geometry": {
        "type": "Point",
        "coordinates": [
          76.8058122,
          30.722752
        ]
      },
      "properties": {
        "direction_id": "r16474825",
        "route_id": "5A",
        "sequence": 0,
        "osm_node_id": 11364089920,
        "name": null,
        "footfall_prior": 0.0
      }
    },
    {
      "type": "Feature",
      "geometry": {
        "type": "Point",
        "coordinates": [
          76.8035954,
          30.7269827
        ]
      },
      "properties": {
        "direction_id": "r16474825",
        "route_id": "5A",
        "sequence": 1,
        "osm_node_id": 11335525457,
        "name": null,
        "footfall_prior": 0.0
      }
    },
    {
      "type": "Feature",
      "geometry": {
        "type": "Point",
        "coordinates": [
          76.7940228,
          30.7368248
        ]
      },
      "properties": {
        "direction_id": "r16474825",
        "route_id": "5A",
        "sequence": 2,
        "osm_node_id": 6970853271,
        "name": null,
        "footfall_prior": 0.0
      }
    },
    {
      "type": "Feature",
      "geometry": {
        "type": "Point",
        "coordinates": [
          76.7927769,
          30.7386127
        ]
      },
      "properties": {
        "direction_id": "r16474825",
        "route_id": "5A",
        "sequence": 3,
        "osm_node_id": 11335525459,
        "name": null,
        "footfall_prior": 0.0
      }
    },
    {
      "type": "Feature",
      "geometry": {
        "type": "Point",
        "coordinates": [
          76.7752879,
          30.7600181
        ]
      },
      "properties": {
        "direction_id": "r16474825",
        "route_id": "5A",
        "sequence": 4,
        "osm_node_id": 11053559568,
        "name": "PGI",
        "footfall_prior": 0.0
      }
    },
    {
      "type": "Feature",
      "geometry": {
        "type": "Point",
        "coordinates": [
          76.74869,
          30.741869
        ]
      },
      "properties": {
        "direction_id": "r16474825",
        "route_id": "5A",
        "sequence": 5,
        "osm_node_id": 11053565187,
        "name": "37/38 Bus Stop",
        "footfall_prior": 0.0
      }
    },
    {
      "type": "Feature",
      "geometry": {
        "type": "Point",
        "coordinates": [
          76.7473814,
          30.7413227
        ]
      },
      "properties": {
        "direction_id": "r16474825",
        "route_id": "5A",
        "sequence": 6,
        "osm_node_id": 11053544182,
        "name": "38/37 Bus Stop",
        "footfall_prior": 0.0
      }
    },
    {
      "type": "Feature",
      "geometry": {
        "type": "Point",
        "coordinates": [
          76.7426917,
          30.7163272
        ]
      },
      "properties": {
        "direction_id": "r16474825",
        "route_id": "5A",
        "sequence": 7,
        "osm_node_id": 1425480419,
        "name": "ISBT",
        "footfall_prior": 0.0
      }
    },
    {
      "type": "Feature",
      "geometry": {
        "type": "Point",
        "coordinates": [
          76.7433637,
          30.7171785
        ]
      },
      "properties": {
        "direction_id": "r16474825",
        "route_id": "5A",
        "sequence": 8,
        "osm_node_id": 28845205,
        "name": "CTU Local Bus Station 43",
        "footfall_prior": 0.0
      }
    },
    {
      "type": "Feature",
      "geometry": {
        "type": "Point",
        "coordinates": [
          76.7504965,
          30.7153735
        ]
      },
      "properties": {
        "direction_id": "r16474825",
        "route_id": "5A",
        "sequence": 9,
        "osm_node_id": 4306384689,
        "name": "Sector 43-44 road",
        "footfall_prior": 0.0
      }
    },
    {
      "type": "Feature",
      "geometry": {
        "type": "Point",
        "coordinates": [
          76.7426917,
          30.7163272
        ]
      },
      "properties": {
        "direction_id": "r16475122",
        "route_id": "5C",
        "sequence": 0,
        "osm_node_id": 1425480419,
        "name": "ISBT",
        "footfall_prior": 0.0
      }
    },
    {
      "type": "Feature",
      "geometry": {
        "type": "Point",
        "coordinates": [
          76.7433637,
          30.7171785
        ]
      },
      "properties": {
        "direction_id": "r16475122",
        "route_id": "5C",
        "sequence": 1,
        "osm_node_id": 28845205,
        "name": "CTU Local Bus Station 43",
        "footfall_prior": 0.0
      }
    },
    {
      "type": "Feature",
      "geometry": {
        "type": "Point",
        "coordinates": [
          76.7504965,
          30.7153735
        ]
      },
      "properties": {
        "direction_id": "r16475122",
        "route_id": "5C",
        "sequence": 2,
        "osm_node_id": 4306384689,
        "name": "Sector 43-44 road",
        "footfall_prior": 0.0
      }
    },
    {
      "type": "Feature",
      "geometry": {
        "type": "Point",
        "coordinates": [
          76.7473814,
          30.7413227
        ]
      },
      "properties": {
        "direction_id": "r16475122",
        "route_id": "5C",
        "sequence": 3,
        "osm_node_id": 11053544182,
        "name": "38/37 Bus Stop",
        "footfall_prior": 0.0
      }
    },
    {
      "type": "Feature",
      "geometry": {
        "type": "Point",
        "coordinates": [
          76.74869,
          30.741869
        ]
      },
      "properties": {
        "direction_id": "r16475122",
        "route_id": "5C",
        "sequence": 4,
        "osm_node_id": 11053565187,
        "name": "37/38 Bus Stop",
        "footfall_prior": 0.0
      }
    },
    {
      "type": "Feature",
      "geometry": {
        "type": "Point",
        "coordinates": [
          76.7752879,
          30.7600181
        ]
      },
      "properties": {
        "direction_id": "r16475122",
        "route_id": "5C",
        "sequence": 5,
        "osm_node_id": 11053559568,
        "name": "PGI",
        "footfall_prior": 0.0
      }
    },
    {
      "type": "Feature",
      "geometry": {
        "type": "Point",
        "coordinates": [
          76.7927769,
          30.7386127
        ]
      },
      "properties": {
        "direction_id": "r16475122",
        "route_id": "5C",
        "sequence": 6,
        "osm_node_id": 11335525459,
        "name": null,
        "footfall_prior": 0.0
      }
    },
    {
      "type": "Feature",
      "geometry": {
        "type": "Point",
        "coordinates": [
          76.7940228,
          30.7368248
        ]
      },
      "properties": {
        "direction_id": "r16475122",
        "route_id": "5C",
        "sequence": 7,
        "osm_node_id": 6970853271,
        "name": null,
        "footfall_prior": 0.0
      }
    },
    {
      "type": "Feature",
      "geometry": {
        "type": "Point",
        "coordinates": [
          76.8035954,
          30.7269827
        ]
      },
      "properties": {
        "direction_id": "r16475122",
        "route_id": "5C",
        "sequence": 8,
        "osm_node_id": 11335525457,
        "name": null,
        "footfall_prior": 0.0
      }
    },
    {
      "type": "Feature",
      "geometry": {
        "type": "Point",
        "coordinates": [
          76.8058122,
          30.722752
        ]
      },
      "properties": {
        "direction_id": "r16475122",
        "route_id": "5C",
        "sequence": 9,
        "osm_node_id": 11364089920,
        "name": null,
        "footfall_prior": 0.0
      }
    },
    {
      "type": "Feature",
      "geometry": {
        "type": "Point",
        "coordinates": [
          76.7426917,
          30.7163272
        ]
      },
      "properties": {
        "direction_id": "r16475448",
        "route_id": "6",
        "sequence": 0,
        "osm_node_id": 1425480419,
        "name": "ISBT",
        "footfall_prior": 0.0
      }
    },
    {
      "type": "Feature",
      "geometry": {
        "type": "Point",
        "coordinates": [
          76.7433637,
          30.7171785
        ]
      },
      "properties": {
        "direction_id": "r16475448",
        "route_id": "6",
        "sequence": 1,
        "osm_node_id": 28845205,
        "name": "CTU Local Bus Station 43",
        "footfall_prior": 0.0
      }
    },
    {
      "type": "Feature",
      "geometry": {
        "type": "Point",
        "coordinates": [
          76.7504965,
          30.7153735
        ]
      },
      "properties": {
        "direction_id": "r16475448",
        "route_id": "6",
        "sequence": 2,
        "osm_node_id": 4306384689,
        "name": "Sector 43-44 road",
        "footfall_prior": 0.0
      }
    },
    {
      "type": "Feature",
      "geometry": {
        "type": "Point",
        "coordinates": [
          76.7908761,
          30.7029134
        ]
      },
      "properties": {
        "direction_id": "r16475448",
        "route_id": "6",
        "sequence": 3,
        "osm_node_id": 813348337,
        "name": null,
        "footfall_prior": 0.0
      }
    },
    {
      "type": "Feature",
      "geometry": {
        "type": "Point",
        "coordinates": [
          76.7908761,
          30.7029134
        ]
      },
      "properties": {
        "direction_id": "r16475511",
        "route_id": "6",
        "sequence": 0,
        "osm_node_id": 813348337,
        "name": null,
        "footfall_prior": 0.0
      }
    },
    {
      "type": "Feature",
      "geometry": {
        "type": "Point",
        "coordinates": [
          76.7504965,
          30.7153735
        ]
      },
      "properties": {
        "direction_id": "r16475511",
        "route_id": "6",
        "sequence": 1,
        "osm_node_id": 4306384689,
        "name": "Sector 43-44 road",
        "footfall_prior": 0.0
      }
    },
    {
      "type": "Feature",
      "geometry": {
        "type": "Point",
        "coordinates": [
          76.7426917,
          30.7163272
        ]
      },
      "properties": {
        "direction_id": "r16475511",
        "route_id": "6",
        "sequence": 2,
        "osm_node_id": 1425480419,
        "name": "ISBT",
        "footfall_prior": 0.0
      }
    },
    {
      "type": "Feature",
      "geometry": {
        "type": "Point",
        "coordinates": [
          76.7433637,
          30.7171785
        ]
      },
      "properties": {
        "direction_id": "r16475511",
        "route_id": "6",
        "sequence": 3,
        "osm_node_id": 28845205,
        "name": "CTU Local Bus Station 43",
        "footfall_prior": 0.0
      }
    },
    {
      "type": "Feature",
      "geometry": {
        "type": "Point",
        "coordinates": [
          76.8391663,
          30.7090224
        ]
      },
      "properties": {
        "direction_id": "r16476014",
        "route_id": "9A",
        "sequence": 0,
        "osm_node_id": 11148076756,
        "name": null,
        "footfall_prior": 0.0
      }
    },
    {
      "type": "Feature",
      "geometry": {
        "type": "Point",
        "coordinates": [
          76.8360406,
          30.7076089
        ]
      },
      "properties": {
        "direction_id": "r16476014",
        "route_id": "9A",
        "sequence": 1,
        "osm_node_id": 10000240246,
        "name": "Housing Board Chowk",
        "footfall_prior": 0.0
      }
    },
    {
      "type": "Feature",
      "geometry": {
        "type": "Point",
        "coordinates": [
          76.8190972,
          30.702824
        ]
      },
      "properties": {
        "direction_id": "r16476014",
        "route_id": "9A",
        "sequence": 2,
        "osm_node_id": 2914440106,
        "name": "Chandigarh Railway Station",
        "footfall_prior": 0.0
      }
    },
    {
      "type": "Feature",
      "geometry": {
        "type": "Point",
        "coordinates": [
          76.8074116,
          30.722668
        ]
      },
      "properties": {
        "direction_id": "r16476014",
        "route_id": "9A",
        "sequence": 3,
        "osm_node_id": 11335525458,
        "name": null,
        "footfall_prior": 0.0
      }
    },
    {
      "type": "Feature",
      "geometry": {
        "type": "Point",
        "coordinates": [
          76.8035954,
          30.7269827
        ]
      },
      "properties": {
        "direction_id": "r16476014",
        "route_id": "9A",
        "sequence": 4,
        "osm_node_id": 11335525457,
        "name": null,
        "footfall_prior": 0.0
      }
    },
    {
      "type": "Feature",
      "geometry": {
        "type": "Point",
        "coordinates": [
          76.8135477,
          30.7170531
        ]
      },
      "properties": {
        "direction_id": "r16476014",
        "route_id": "9A",
        "sequence": 5,
        "osm_node_id": 11230148264,
        "name": null,
        "footfall_prior": 0.0
      }
    },
    {
      "type": "Feature",
      "geometry": {
        "type": "Point",
        "coordinates": [
          76.8227532,
          30.7123935
        ]
      },
      "properties": {
        "direction_id": "r16476014",
        "route_id": "9A",
        "sequence": 6,
        "osm_node_id": 11230165511,
        "name": null,
        "footfall_prior": 0.0
      }
    },
    {
      "type": "Feature",
      "geometry": {
        "type": "Point",
        "coordinates": [
          76.8296565,
          30.7091315
        ]
      },
      "properties": {
        "direction_id": "r16476014",
        "route_id": "9A",
        "sequence": 7,
        "osm_node_id": 11230163714,
        "name": null,
        "footfall_prior": 0.0
      }
    },
    {
      "type": "Feature",
      "geometry": {
        "type": "Point",
        "coordinates": [
          76.8390732,
          30.7092765
        ]
      },
      "properties": {
        "direction_id": "r16476014",
        "route_id": "9A",
        "sequence": 8,
        "osm_node_id": 10744858599,
        "name": null,
        "footfall_prior": 0.0
      }
    },
    {
      "type": "Feature",
      "geometry": {
        "type": "Point",
        "coordinates": [
          76.8391663,
          30.7090224
        ]
      },
      "properties": {
        "direction_id": "r16476511",
        "route_id": "9C",
        "sequence": 0,
        "osm_node_id": 11148076756,
        "name": null,
        "footfall_prior": 0.0
      }
    },
    {
      "type": "Feature",
      "geometry": {
        "type": "Point",
        "coordinates": [
          76.8360406,
          30.7076089
        ]
      },
      "properties": {
        "direction_id": "r16476511",
        "route_id": "9C",
        "sequence": 1,
        "osm_node_id": 10000240246,
        "name": "Housing Board Chowk",
        "footfall_prior": 0.0
      }
    },
    {
      "type": "Feature",
      "geometry": {
        "type": "Point",
        "coordinates": [
          76.8190972,
          30.702824
        ]
      },
      "properties": {
        "direction_id": "r16476511",
        "route_id": "9C",
        "sequence": 2,
        "osm_node_id": 2914440106,
        "name": "Chandigarh Railway Station",
        "footfall_prior": 0.0
      }
    },
    {
      "type": "Feature",
      "geometry": {
        "type": "Point",
        "coordinates": [
          76.8035954,
          30.7269827
        ]
      },
      "properties": {
        "direction_id": "r16476511",
        "route_id": "9C",
        "sequence": 3,
        "osm_node_id": 11335525457,
        "name": null,
        "footfall_prior": 0.0
      }
    },
    {
      "type": "Feature",
      "geometry": {
        "type": "Point",
        "coordinates": [
          76.8074116,
          30.722668
        ]
      },
      "properties": {
        "direction_id": "r16476511",
        "route_id": "9C",
        "sequence": 4,
        "osm_node_id": 11335525458,
        "name": null,
        "footfall_prior": 0.0
      }
    },
    {
      "type": "Feature",
      "geometry": {
        "type": "Point",
        "coordinates": [
          76.8135477,
          30.7170531
        ]
      },
      "properties": {
        "direction_id": "r16476511",
        "route_id": "9C",
        "sequence": 5,
        "osm_node_id": 11230148264,
        "name": null,
        "footfall_prior": 0.0
      }
    },
    {
      "type": "Feature",
      "geometry": {
        "type": "Point",
        "coordinates": [
          76.8227532,
          30.7123935
        ]
      },
      "properties": {
        "direction_id": "r16476511",
        "route_id": "9C",
        "sequence": 6,
        "osm_node_id": 11230165511,
        "name": null,
        "footfall_prior": 0.0
      }
    },
    {
      "type": "Feature",
      "geometry": {
        "type": "Point",
        "coordinates": [
          76.8296565,
          30.7091315
        ]
      },
      "properties": {
        "direction_id": "r16476511",
        "route_id": "9C",
        "sequence": 7,
        "osm_node_id": 11230163714,
        "name": null,
        "footfall_prior": 0.0
      }
    },
    {
      "type": "Feature",
      "geometry": {
        "type": "Point",
        "coordinates": [
          76.8390732,
          30.7092765
        ]
      },
      "properties": {
        "direction_id": "r16476511",
        "route_id": "9C",
        "sequence": 8,
        "osm_node_id": 10744858599,
        "name": null,
        "footfall_prior": 0.0
      }
    },
    {
      "type": "Feature",
      "geometry": {
        "type": "Point",
        "coordinates": [
          76.7504965,
          30.7153735
        ]
      },
      "properties": {
        "direction_id": "r16476525",
        "route_id": "28A",
        "sequence": 0,
        "osm_node_id": 4306384689,
        "name": "Sector 43-44 road",
        "footfall_prior": 0.0
      }
    },
    {
      "type": "Feature",
      "geometry": {
        "type": "Point",
        "coordinates": [
          76.7660614,
          30.7247451
        ]
      },
      "properties": {
        "direction_id": "r16476525",
        "route_id": "28A",
        "sequence": 1,
        "osm_node_id": 1041047045,
        "name": "Bus Stop, Sector 34-A",
        "footfall_prior": 0.0
      }
    },
    {
      "type": "Feature",
      "geometry": {
        "type": "Point",
        "coordinates": [
          76.7752879,
          30.7600181
        ]
      },
      "properties": {
        "direction_id": "r16476525",
        "route_id": "28A",
        "sequence": 2,
        "osm_node_id": 11053559568,
        "name": "PGI",
        "footfall_prior": 0.0
      }
    },
    {
      "type": "Feature",
      "geometry": {
        "type": "Point",
        "coordinates": [
          76.7752879,
          30.7600181
        ]
      },
      "properties": {
        "direction_id": "r16476568",
        "route_id": "28A",
        "sequence": 0,
        "osm_node_id": 11053559568,
        "name": "PGI",
        "footfall_prior": 0.0
      }
    },
    {
      "type": "Feature",
      "geometry": {
        "type": "Point",
        "coordinates": [
          76.7660614,
          30.7247451
        ]
      },
      "properties": {
        "direction_id": "r16476568",
        "route_id": "28A",
        "sequence": 1,
        "osm_node_id": 1041047045,
        "name": "Bus Stop, Sector 34-A",
        "footfall_prior": 0.0
      }
    },
    {
      "type": "Feature",
      "geometry": {
        "type": "Point",
        "coordinates": [
          76.7426917,
          30.7163272
        ]
      },
      "properties": {
        "direction_id": "r16476568",
        "route_id": "28A",
        "sequence": 2,
        "osm_node_id": 1425480419,
        "name": "ISBT",
        "footfall_prior": 0.0
      }
    },
    {
      "type": "Feature",
      "geometry": {
        "type": "Point",
        "coordinates": [
          76.7433637,
          30.7171785
        ]
      },
      "properties": {
        "direction_id": "r16476568",
        "route_id": "28A",
        "sequence": 3,
        "osm_node_id": 28845205,
        "name": "CTU Local Bus Station 43",
        "footfall_prior": 0.0
      }
    },
    {
      "type": "Feature",
      "geometry": {
        "type": "Point",
        "coordinates": [
          76.7504965,
          30.7153735
        ]
      },
      "properties": {
        "direction_id": "r16476602",
        "route_id": "239",
        "sequence": 0,
        "osm_node_id": 4306384689,
        "name": "Sector 43-44 road",
        "footfall_prior": 0.0
      }
    },
    {
      "type": "Feature",
      "geometry": {
        "type": "Point",
        "coordinates": [
          76.7660614,
          30.7247451
        ]
      },
      "properties": {
        "direction_id": "r16476602",
        "route_id": "239",
        "sequence": 1,
        "osm_node_id": 1041047045,
        "name": "Bus Stop, Sector 34-A",
        "footfall_prior": 0.0
      }
    },
    {
      "type": "Feature",
      "geometry": {
        "type": "Point",
        "coordinates": [
          76.7787227,
          30.7326894
        ]
      },
      "properties": {
        "direction_id": "r16476602",
        "route_id": "239",
        "sequence": 2,
        "osm_node_id": 11147476433,
        "name": null,
        "footfall_prior": 0.0
      }
    },
    {
      "type": "Feature",
      "geometry": {
        "type": "Point",
        "coordinates": [
          76.7787227,
          30.7326894
        ]
      },
      "properties": {
        "direction_id": "r16476619",
        "route_id": "239",
        "sequence": 0,
        "osm_node_id": 11147476433,
        "name": null,
        "footfall_prior": 0.0
      }
    },
    {
      "type": "Feature",
      "geometry": {
        "type": "Point",
        "coordinates": [
          76.7660614,
          30.7247451
        ]
      },
      "properties": {
        "direction_id": "r16476619",
        "route_id": "239",
        "sequence": 1,
        "osm_node_id": 1041047045,
        "name": "Bus Stop, Sector 34-A",
        "footfall_prior": 0.0
      }
    },
    {
      "type": "Feature",
      "geometry": {
        "type": "Point",
        "coordinates": [
          76.7426917,
          30.7163272
        ]
      },
      "properties": {
        "direction_id": "r16476619",
        "route_id": "239",
        "sequence": 2,
        "osm_node_id": 1425480419,
        "name": "ISBT",
        "footfall_prior": 0.0
      }
    },
    {
      "type": "Feature",
      "geometry": {
        "type": "Point",
        "coordinates": [
          76.7433637,
          30.7171785
        ]
      },
      "properties": {
        "direction_id": "r16476619",
        "route_id": "239",
        "sequence": 3,
        "osm_node_id": 28845205,
        "name": "CTU Local Bus Station 43",
        "footfall_prior": 0.0
      }
    },
    {
      "type": "Feature",
      "geometry": {
        "type": "Point",
        "coordinates": [
          76.7426917,
          30.7163272
        ]
      },
      "properties": {
        "direction_id": "r16481476",
        "route_id": "28B",
        "sequence": 0,
        "osm_node_id": 1425480419,
        "name": "ISBT",
        "footfall_prior": 0.0
      }
    },
    {
      "type": "Feature",
      "geometry": {
        "type": "Point",
        "coordinates": [
          76.7433637,
          30.7171785
        ]
      },
      "properties": {
        "direction_id": "r16481476",
        "route_id": "28B",
        "sequence": 1,
        "osm_node_id": 28845205,
        "name": "CTU Local Bus Station 43",
        "footfall_prior": 0.0
      }
    },
    {
      "type": "Feature",
      "geometry": {
        "type": "Point",
        "coordinates": [
          76.7752879,
          30.7600181
        ]
      },
      "properties": {
        "direction_id": "r16481587",
        "route_id": "2F",
        "sequence": 0,
        "osm_node_id": 11053559568,
        "name": "PGI",
        "footfall_prior": 0.0
      }
    },
    {
      "type": "Feature",
      "geometry": {
        "type": "Point",
        "coordinates": [
          76.7927769,
          30.7386127
        ]
      },
      "properties": {
        "direction_id": "r16481587",
        "route_id": "2F",
        "sequence": 1,
        "osm_node_id": 11335525459,
        "name": null,
        "footfall_prior": 0.0
      }
    },
    {
      "type": "Feature",
      "geometry": {
        "type": "Point",
        "coordinates": [
          76.7940228,
          30.7368248
        ]
      },
      "properties": {
        "direction_id": "r16481587",
        "route_id": "2F",
        "sequence": 2,
        "osm_node_id": 6970853271,
        "name": null,
        "footfall_prior": 0.0
      }
    },
    {
      "type": "Feature",
      "geometry": {
        "type": "Point",
        "coordinates": [
          76.8035954,
          30.7269827
        ]
      },
      "properties": {
        "direction_id": "r16481587",
        "route_id": "2F",
        "sequence": 3,
        "osm_node_id": 11335525457,
        "name": null,
        "footfall_prior": 0.0
      }
    },
    {
      "type": "Feature",
      "geometry": {
        "type": "Point",
        "coordinates": [
          76.8074116,
          30.722668
        ]
      },
      "properties": {
        "direction_id": "r16481587",
        "route_id": "2F",
        "sequence": 4,
        "osm_node_id": 11335525458,
        "name": null,
        "footfall_prior": 0.0
      }
    },
    {
      "type": "Feature",
      "geometry": {
        "type": "Point",
        "coordinates": [
          76.8135477,
          30.7170531
        ]
      },
      "properties": {
        "direction_id": "r16481587",
        "route_id": "2F",
        "sequence": 5,
        "osm_node_id": 11230148264,
        "name": null,
        "footfall_prior": 0.0
      }
    },
    {
      "type": "Feature",
      "geometry": {
        "type": "Point",
        "coordinates": [
          76.8190972,
          30.702824
        ]
      },
      "properties": {
        "direction_id": "r16481587",
        "route_id": "2F",
        "sequence": 6,
        "osm_node_id": 2914440106,
        "name": "Chandigarh Railway Station",
        "footfall_prior": 0.0
      }
    },
    {
      "type": "Feature",
      "geometry": {
        "type": "Point",
        "coordinates": [
          76.8227532,
          30.7123935
        ]
      },
      "properties": {
        "direction_id": "r16481587",
        "route_id": "2F",
        "sequence": 7,
        "osm_node_id": 11230165511,
        "name": null,
        "footfall_prior": 0.0
      }
    },
    {
      "type": "Feature",
      "geometry": {
        "type": "Point",
        "coordinates": [
          76.8296565,
          30.7091315
        ]
      },
      "properties": {
        "direction_id": "r16481587",
        "route_id": "2F",
        "sequence": 8,
        "osm_node_id": 11230163714,
        "name": null,
        "footfall_prior": 0.0
      }
    },
    {
      "type": "Feature",
      "geometry": {
        "type": "Point",
        "coordinates": [
          76.8360406,
          30.7076089
        ]
      },
      "properties": {
        "direction_id": "r16481587",
        "route_id": "2F",
        "sequence": 9,
        "osm_node_id": 10000240246,
        "name": "Housing Board Chowk",
        "footfall_prior": 0.0
      }
    },
    {
      "type": "Feature",
      "geometry": {
        "type": "Point",
        "coordinates": [
          76.8378215,
          30.7073014
        ]
      },
      "properties": {
        "direction_id": "r16481587",
        "route_id": "2F",
        "sequence": 10,
        "osm_node_id": 11230226204,
        "name": null,
        "footfall_prior": 0.0
      }
    },
    {
      "type": "Feature",
      "geometry": {
        "type": "Point",
        "coordinates": [
          76.8396419,
          30.6993739
        ]
      },
      "properties": {
        "direction_id": "r16481587",
        "route_id": "2F",
        "sequence": 11,
        "osm_node_id": 10050998634,
        "name": "Sector 8-17",
        "footfall_prior": 0.0
      }
    },
    {
      "type": "Feature",
      "geometry": {
        "type": "Point",
        "coordinates": [
          76.8394271,
          30.6992887
        ]
      },
      "properties": {
        "direction_id": "r16490639",
        "route_id": "2F",
        "sequence": 0,
        "osm_node_id": 10050939906,
        "name": "Sector 17-8",
        "footfall_prior": 0.0
      }
    },
    {
      "type": "Feature",
      "geometry": {
        "type": "Point",
        "coordinates": [
          76.8378215,
          30.7073014
        ]
      },
      "properties": {
        "direction_id": "r16490639",
        "route_id": "2F",
        "sequence": 1,
        "osm_node_id": 11230226204,
        "name": null,
        "footfall_prior": 0.0
      }
    },
    {
      "type": "Feature",
      "geometry": {
        "type": "Point",
        "coordinates": [
          76.8360406,
          30.7076089
        ]
      },
      "properties": {
        "direction_id": "r16490639",
        "route_id": "2F",
        "sequence": 2,
        "osm_node_id": 10000240246,
        "name": "Housing Board Chowk",
        "footfall_prior": 0.0
      }
    },
    {
      "type": "Feature",
      "geometry": {
        "type": "Point",
        "coordinates": [
          76.8296565,
          30.7091315
        ]
      },
      "properties": {
        "direction_id": "r16490639",
        "route_id": "2F",
        "sequence": 3,
        "osm_node_id": 11230163714,
        "name": null,
        "footfall_prior": 0.0
      }
    },
    {
      "type": "Feature",
      "geometry": {
        "type": "Point",
        "coordinates": [
          76.8227532,
          30.7123935
        ]
      },
      "properties": {
        "direction_id": "r16490639",
        "route_id": "2F",
        "sequence": 4,
        "osm_node_id": 11230165511,
        "name": null,
        "footfall_prior": 0.0
      }
    },
    {
      "type": "Feature",
      "geometry": {
        "type": "Point",
        "coordinates": [
          76.8190972,
          30.702824
        ]
      },
      "properties": {
        "direction_id": "r16490639",
        "route_id": "2F",
        "sequence": 5,
        "osm_node_id": 2914440106,
        "name": "Chandigarh Railway Station",
        "footfall_prior": 0.0
      }
    },
    {
      "type": "Feature",
      "geometry": {
        "type": "Point",
        "coordinates": [
          76.8135477,
          30.7170531
        ]
      },
      "properties": {
        "direction_id": "r16490639",
        "route_id": "2F",
        "sequence": 6,
        "osm_node_id": 11230148264,
        "name": null,
        "footfall_prior": 0.0
      }
    },
    {
      "type": "Feature",
      "geometry": {
        "type": "Point",
        "coordinates": [
          76.8074116,
          30.722668
        ]
      },
      "properties": {
        "direction_id": "r16490639",
        "route_id": "2F",
        "sequence": 7,
        "osm_node_id": 11335525458,
        "name": null,
        "footfall_prior": 0.0
      }
    },
    {
      "type": "Feature",
      "geometry": {
        "type": "Point",
        "coordinates": [
          76.8035954,
          30.7269827
        ]
      },
      "properties": {
        "direction_id": "r16490639",
        "route_id": "2F",
        "sequence": 8,
        "osm_node_id": 11335525457,
        "name": null,
        "footfall_prior": 0.0
      }
    },
    {
      "type": "Feature",
      "geometry": {
        "type": "Point",
        "coordinates": [
          76.7940228,
          30.7368248
        ]
      },
      "properties": {
        "direction_id": "r16490639",
        "route_id": "2F",
        "sequence": 9,
        "osm_node_id": 6970853271,
        "name": null,
        "footfall_prior": 0.0
      }
    },
    {
      "type": "Feature",
      "geometry": {
        "type": "Point",
        "coordinates": [
          76.7927769,
          30.7386127
        ]
      },
      "properties": {
        "direction_id": "r16490639",
        "route_id": "2F",
        "sequence": 10,
        "osm_node_id": 11335525459,
        "name": null,
        "footfall_prior": 0.0
      }
    },
    {
      "type": "Feature",
      "geometry": {
        "type": "Point",
        "coordinates": [
          76.7752879,
          30.7600181
        ]
      },
      "properties": {
        "direction_id": "r16490639",
        "route_id": "2F",
        "sequence": 11,
        "osm_node_id": 11053559568,
        "name": "PGI",
        "footfall_prior": 0.0
      }
    },
    {
      "type": "Feature",
      "geometry": {
        "type": "Point",
        "coordinates": [
          76.7752879,
          30.7600181
        ]
      },
      "properties": {
        "direction_id": "r16490647",
        "route_id": "2G",
        "sequence": 0,
        "osm_node_id": 11053559568,
        "name": "PGI",
        "footfall_prior": 0.0
      }
    },
    {
      "type": "Feature",
      "geometry": {
        "type": "Point",
        "coordinates": [
          76.7927769,
          30.7386127
        ]
      },
      "properties": {
        "direction_id": "r16490647",
        "route_id": "2G",
        "sequence": 1,
        "osm_node_id": 11335525459,
        "name": null,
        "footfall_prior": 0.0
      }
    },
    {
      "type": "Feature",
      "geometry": {
        "type": "Point",
        "coordinates": [
          76.7940228,
          30.7368248
        ]
      },
      "properties": {
        "direction_id": "r16490647",
        "route_id": "2G",
        "sequence": 2,
        "osm_node_id": 6970853271,
        "name": null,
        "footfall_prior": 0.0
      }
    },
    {
      "type": "Feature",
      "geometry": {
        "type": "Point",
        "coordinates": [
          76.8035954,
          30.7269827
        ]
      },
      "properties": {
        "direction_id": "r16490647",
        "route_id": "2G",
        "sequence": 3,
        "osm_node_id": 11335525457,
        "name": null,
        "footfall_prior": 0.0
      }
    },
    {
      "type": "Feature",
      "geometry": {
        "type": "Point",
        "coordinates": [
          76.8074116,
          30.722668
        ]
      },
      "properties": {
        "direction_id": "r16490647",
        "route_id": "2G",
        "sequence": 4,
        "osm_node_id": 11335525458,
        "name": null,
        "footfall_prior": 0.0
      }
    },
    {
      "type": "Feature",
      "geometry": {
        "type": "Point",
        "coordinates": [
          76.8135477,
          30.7170531
        ]
      },
      "properties": {
        "direction_id": "r16490647",
        "route_id": "2G",
        "sequence": 5,
        "osm_node_id": 11230148264,
        "name": null,
        "footfall_prior": 0.0
      }
    },
    {
      "type": "Feature",
      "geometry": {
        "type": "Point",
        "coordinates": [
          76.8227532,
          30.7123935
        ]
      },
      "properties": {
        "direction_id": "r16490647",
        "route_id": "2G",
        "sequence": 6,
        "osm_node_id": 11230165511,
        "name": null,
        "footfall_prior": 0.0
      }
    },
    {
      "type": "Feature",
      "geometry": {
        "type": "Point",
        "coordinates": [
          76.8296565,
          30.7091315
        ]
      },
      "properties": {
        "direction_id": "r16490647",
        "route_id": "2G",
        "sequence": 7,
        "osm_node_id": 11230163714,
        "name": null,
        "footfall_prior": 0.0
      }
    },
    {
      "type": "Feature",
      "geometry": {
        "type": "Point",
        "coordinates": [
          76.8360406,
          30.7076089
        ]
      },
      "properties": {
        "direction_id": "r16490647",
        "route_id": "2G",
        "sequence": 8,
        "osm_node_id": 10000240246,
        "name": "Housing Board Chowk",
        "footfall_prior": 0.0
      }
    },
    {
      "type": "Feature",
      "geometry": {
        "type": "Point",
        "coordinates": [
          76.8378215,
          30.7073014
        ]
      },
      "properties": {
        "direction_id": "r16490647",
        "route_id": "2G",
        "sequence": 9,
        "osm_node_id": 11230226204,
        "name": null,
        "footfall_prior": 0.0
      }
    },
    {
      "type": "Feature",
      "geometry": {
        "type": "Point",
        "coordinates": [
          76.8378215,
          30.7073014
        ]
      },
      "properties": {
        "direction_id": "r16490654",
        "route_id": "2G",
        "sequence": 0,
        "osm_node_id": 11230226204,
        "name": null,
        "footfall_prior": 0.0
      }
    },
    {
      "type": "Feature",
      "geometry": {
        "type": "Point",
        "coordinates": [
          76.8360406,
          30.7076089
        ]
      },
      "properties": {
        "direction_id": "r16490654",
        "route_id": "2G",
        "sequence": 1,
        "osm_node_id": 10000240246,
        "name": "Housing Board Chowk",
        "footfall_prior": 0.0
      }
    },
    {
      "type": "Feature",
      "geometry": {
        "type": "Point",
        "coordinates": [
          76.8296565,
          30.7091315
        ]
      },
      "properties": {
        "direction_id": "r16490654",
        "route_id": "2G",
        "sequence": 2,
        "osm_node_id": 11230163714,
        "name": null,
        "footfall_prior": 0.0
      }
    },
    {
      "type": "Feature",
      "geometry": {
        "type": "Point",
        "coordinates": [
          76.8227532,
          30.7123935
        ]
      },
      "properties": {
        "direction_id": "r16490654",
        "route_id": "2G",
        "sequence": 3,
        "osm_node_id": 11230165511,
        "name": null,
        "footfall_prior": 0.0
      }
    },
    {
      "type": "Feature",
      "geometry": {
        "type": "Point",
        "coordinates": [
          76.8135477,
          30.7170531
        ]
      },
      "properties": {
        "direction_id": "r16490654",
        "route_id": "2G",
        "sequence": 4,
        "osm_node_id": 11230148264,
        "name": null,
        "footfall_prior": 0.0
      }
    },
    {
      "type": "Feature",
      "geometry": {
        "type": "Point",
        "coordinates": [
          76.8074116,
          30.722668
        ]
      },
      "properties": {
        "direction_id": "r16490654",
        "route_id": "2G",
        "sequence": 5,
        "osm_node_id": 11335525458,
        "name": null,
        "footfall_prior": 0.0
      }
    },
    {
      "type": "Feature",
      "geometry": {
        "type": "Point",
        "coordinates": [
          76.8035954,
          30.7269827
        ]
      },
      "properties": {
        "direction_id": "r16490654",
        "route_id": "2G",
        "sequence": 6,
        "osm_node_id": 11335525457,
        "name": null,
        "footfall_prior": 0.0
      }
    },
    {
      "type": "Feature",
      "geometry": {
        "type": "Point",
        "coordinates": [
          76.7927769,
          30.7386127
        ]
      },
      "properties": {
        "direction_id": "r16490654",
        "route_id": "2G",
        "sequence": 7,
        "osm_node_id": 11335525459,
        "name": null,
        "footfall_prior": 0.0
      }
    },
    {
      "type": "Feature",
      "geometry": {
        "type": "Point",
        "coordinates": [
          76.7940228,
          30.7368248
        ]
      },
      "properties": {
        "direction_id": "r16490654",
        "route_id": "2G",
        "sequence": 8,
        "osm_node_id": 6970853271,
        "name": null,
        "footfall_prior": 0.0
      }
    },
    {
      "type": "Feature",
      "geometry": {
        "type": "Point",
        "coordinates": [
          76.7752879,
          30.7600181
        ]
      },
      "properties": {
        "direction_id": "r16490654",
        "route_id": "2G",
        "sequence": 9,
        "osm_node_id": 11053559568,
        "name": "PGI",
        "footfall_prior": 0.0
      }
    },
    {
      "type": "Feature",
      "geometry": {
        "type": "Point",
        "coordinates": [
          76.7426917,
          30.7163272
        ]
      },
      "properties": {
        "direction_id": "r16490718",
        "route_id": "8",
        "sequence": 0,
        "osm_node_id": 1425480419,
        "name": "ISBT",
        "footfall_prior": 0.0
      }
    },
    {
      "type": "Feature",
      "geometry": {
        "type": "Point",
        "coordinates": [
          76.7433637,
          30.7171785
        ]
      },
      "properties": {
        "direction_id": "r16490718",
        "route_id": "8",
        "sequence": 1,
        "osm_node_id": 28845205,
        "name": "CTU Local Bus Station 43",
        "footfall_prior": 0.0
      }
    },
    {
      "type": "Feature",
      "geometry": {
        "type": "Point",
        "coordinates": [
          76.7504965,
          30.7153735
        ]
      },
      "properties": {
        "direction_id": "r16490718",
        "route_id": "8",
        "sequence": 2,
        "osm_node_id": 4306384689,
        "name": "Sector 43-44 road",
        "footfall_prior": 0.0
      }
    },
    {
      "type": "Feature",
      "geometry": {
        "type": "Point",
        "coordinates": [
          76.7660614,
          30.7247451
        ]
      },
      "properties": {
        "direction_id": "r16490718",
        "route_id": "8",
        "sequence": 3,
        "osm_node_id": 1041047045,
        "name": "Bus Stop, Sector 34-A",
        "footfall_prior": 0.0
      }
    },
    {
      "type": "Feature",
      "geometry": {
        "type": "Point",
        "coordinates": [
          76.7787227,
          30.7326894
        ]
      },
      "properties": {
        "direction_id": "r16490718",
        "route_id": "8",
        "sequence": 4,
        "osm_node_id": 11147476433,
        "name": null,
        "footfall_prior": 0.0
      }
    },
    {
      "type": "Feature",
      "geometry": {
        "type": "Point",
        "coordinates": [
          76.7752879,
          30.7600181
        ]
      },
      "properties": {
        "direction_id": "r16490718",
        "route_id": "8",
        "sequence": 5,
        "osm_node_id": 11053559568,
        "name": "PGI",
        "footfall_prior": 0.0
      }
    },
    {
      "type": "Feature",
      "geometry": {
        "type": "Point",
        "coordinates": [
          76.7752879,
          30.7600181
        ]
      },
      "properties": {
        "direction_id": "r16490723",
        "route_id": "8",
        "sequence": 0,
        "osm_node_id": 11053559568,
        "name": "PGI",
        "footfall_prior": 0.0
      }
    },
    {
      "type": "Feature",
      "geometry": {
        "type": "Point",
        "coordinates": [
          76.7787227,
          30.7326894
        ]
      },
      "properties": {
        "direction_id": "r16490723",
        "route_id": "8",
        "sequence": 1,
        "osm_node_id": 11147476433,
        "name": null,
        "footfall_prior": 0.0
      }
    },
    {
      "type": "Feature",
      "geometry": {
        "type": "Point",
        "coordinates": [
          76.7660614,
          30.7247451
        ]
      },
      "properties": {
        "direction_id": "r16490723",
        "route_id": "8",
        "sequence": 2,
        "osm_node_id": 1041047045,
        "name": "Bus Stop, Sector 34-A",
        "footfall_prior": 0.0
      }
    },
    {
      "type": "Feature",
      "geometry": {
        "type": "Point",
        "coordinates": [
          76.7426917,
          30.7163272
        ]
      },
      "properties": {
        "direction_id": "r16490723",
        "route_id": "8",
        "sequence": 3,
        "osm_node_id": 1425480419,
        "name": "ISBT",
        "footfall_prior": 0.0
      }
    },
    {
      "type": "Feature",
      "geometry": {
        "type": "Point",
        "coordinates": [
          76.7433637,
          30.7171785
        ]
      },
      "properties": {
        "direction_id": "r16490723",
        "route_id": "8",
        "sequence": 4,
        "osm_node_id": 28845205,
        "name": "CTU Local Bus Station 43",
        "footfall_prior": 0.0
      }
    },
    {
      "type": "Feature",
      "geometry": {
        "type": "Point",
        "coordinates": [
          76.7504965,
          30.7153735
        ]
      },
      "properties": {
        "direction_id": "r16490723",
        "route_id": "8",
        "sequence": 5,
        "osm_node_id": 4306384689,
        "name": "Sector 43-44 road",
        "footfall_prior": 0.0
      }
    },
    {
      "type": "Feature",
      "geometry": {
        "type": "Point",
        "coordinates": [
          76.8391663,
          30.7090224
        ]
      },
      "properties": {
        "direction_id": "r16492522",
        "route_id": "10",
        "sequence": 0,
        "osm_node_id": 11148076756,
        "name": null,
        "footfall_prior": 0.0
      }
    },
    {
      "type": "Feature",
      "geometry": {
        "type": "Point",
        "coordinates": [
          76.8360406,
          30.7076089
        ]
      },
      "properties": {
        "direction_id": "r16492522",
        "route_id": "10",
        "sequence": 1,
        "osm_node_id": 10000240246,
        "name": "Housing Board Chowk",
        "footfall_prior": 0.0
      }
    },
    {
      "type": "Feature",
      "geometry": {
        "type": "Point",
        "coordinates": [
          76.8296565,
          30.7091315
        ]
      },
      "properties": {
        "direction_id": "r16492522",
        "route_id": "10",
        "sequence": 2,
        "osm_node_id": 11230163714,
        "name": null,
        "footfall_prior": 0.0
      }
    },
    {
      "type": "Feature",
      "geometry": {
        "type": "Point",
        "coordinates": [
          76.8227532,
          30.7123935
        ]
      },
      "properties": {
        "direction_id": "r16492522",
        "route_id": "10",
        "sequence": 3,
        "osm_node_id": 11230165511,
        "name": null,
        "footfall_prior": 0.0
      }
    },
    {
      "type": "Feature",
      "geometry": {
        "type": "Point",
        "coordinates": [
          76.8190972,
          30.702824
        ]
      },
      "properties": {
        "direction_id": "r16492522",
        "route_id": "10",
        "sequence": 4,
        "osm_node_id": 2914440106,
        "name": "Chandigarh Railway Station",
        "footfall_prior": 0.0
      }
    },
    {
      "type": "Feature",
      "geometry": {
        "type": "Point",
        "coordinates": [
          76.8135477,
          30.7170531
        ]
      },
      "properties": {
        "direction_id": "r16492522",
        "route_id": "10",
        "sequence": 5,
        "osm_node_id": 11230148264,
        "name": null,
        "footfall_prior": 0.0
      }
    },
    {
      "type": "Feature",
      "geometry": {
        "type": "Point",
        "coordinates": [
          76.7426917,
          30.7163272
        ]
      },
      "properties": {
        "direction_id": "r16492522",
        "route_id": "10",
        "sequence": 6,
        "osm_node_id": 1425480419,
        "name": "ISBT",
        "footfall_prior": 0.0
      }
    },
    {
      "type": "Feature",
      "geometry": {
        "type": "Point",
        "coordinates": [
          76.7433637,
          30.7171785
        ]
      },
      "properties": {
        "direction_id": "r16492522",
        "route_id": "10",
        "sequence": 7,
        "osm_node_id": 28845205,
        "name": "CTU Local Bus Station 43",
        "footfall_prior": 0.0
      }
    },
    {
      "type": "Feature",
      "geometry": {
        "type": "Point",
        "coordinates": [
          76.8135477,
          30.7170531
        ]
      },
      "properties": {
        "direction_id": "r16492523",
        "route_id": "10",
        "sequence": 0,
        "osm_node_id": 11230148264,
        "name": null,
        "footfall_prior": 0.0
      }
    },
    {
      "type": "Feature",
      "geometry": {
        "type": "Point",
        "coordinates": [
          76.8227532,
          30.7123935
        ]
      },
      "properties": {
        "direction_id": "r16492523",
        "route_id": "10",
        "sequence": 1,
        "osm_node_id": 11230165511,
        "name": null,
        "footfall_prior": 0.0
      }
    },
    {
      "type": "Feature",
      "geometry": {
        "type": "Point",
        "coordinates": [
          76.8296565,
          30.7091315
        ]
      },
      "properties": {
        "direction_id": "r16492523",
        "route_id": "10",
        "sequence": 2,
        "osm_node_id": 11230163714,
        "name": null,
        "footfall_prior": 0.0
      }
    },
    {
      "type": "Feature",
      "geometry": {
        "type": "Point",
        "coordinates": [
          76.8360406,
          30.7076089
        ]
      },
      "properties": {
        "direction_id": "r16492523",
        "route_id": "10",
        "sequence": 3,
        "osm_node_id": 10000240246,
        "name": "Housing Board Chowk",
        "footfall_prior": 0.0
      }
    },
    {
      "type": "Feature",
      "geometry": {
        "type": "Point",
        "coordinates": [
          76.8390732,
          30.7092765
        ]
      },
      "properties": {
        "direction_id": "r16492523",
        "route_id": "10",
        "sequence": 4,
        "osm_node_id": 10744858599,
        "name": null,
        "footfall_prior": 0.0
      }
    },
    {
      "type": "Feature",
      "geometry": {
        "type": "Point",
        "coordinates": [
          76.7927769,
          30.7386127
        ]
      },
      "properties": {
        "direction_id": "r16492534",
        "route_id": "11",
        "sequence": 0,
        "osm_node_id": 11335525459,
        "name": null,
        "footfall_prior": 0.0
      }
    },
    {
      "type": "Feature",
      "geometry": {
        "type": "Point",
        "coordinates": [
          76.7940228,
          30.7368248
        ]
      },
      "properties": {
        "direction_id": "r16492534",
        "route_id": "11",
        "sequence": 1,
        "osm_node_id": 6970853271,
        "name": null,
        "footfall_prior": 0.0
      }
    },
    {
      "type": "Feature",
      "geometry": {
        "type": "Point",
        "coordinates": [
          76.8035954,
          30.7269827
        ]
      },
      "properties": {
        "direction_id": "r16492534",
        "route_id": "11",
        "sequence": 2,
        "osm_node_id": 11335525457,
        "name": null,
        "footfall_prior": 0.0
      }
    },
    {
      "type": "Feature",
      "geometry": {
        "type": "Point",
        "coordinates": [
          76.8074116,
          30.722668
        ]
      },
      "properties": {
        "direction_id": "r16492534",
        "route_id": "11",
        "sequence": 3,
        "osm_node_id": 11335525458,
        "name": null,
        "footfall_prior": 0.0
      }
    },
    {
      "type": "Feature",
      "geometry": {
        "type": "Point",
        "coordinates": [
          76.8135477,
          30.7170531
        ]
      },
      "properties": {
        "direction_id": "r16492534",
        "route_id": "11",
        "sequence": 4,
        "osm_node_id": 11230148264,
        "name": null,
        "footfall_prior": 0.0
      }
    },
    {
      "type": "Feature",
      "geometry": {
        "type": "Point",
        "coordinates": [
          76.8190972,
          30.702824
        ]
      },
      "properties": {
        "direction_id": "r16492534",
        "route_id": "11",
        "sequence": 5,
        "osm_node_id": 2914440106,
        "name": "Chandigarh Railway Station",
        "footfall_prior": 0.0
      }
    },
    {
      "type": "Feature",
      "geometry": {
        "type": "Point",
        "coordinates": [
          76.8190972,
          30.702824
        ]
      },
      "properties": {
        "direction_id": "r16492535",
        "route_id": "11",
        "sequence": 0,
        "osm_node_id": 2914440106,
        "name": "Chandigarh Railway Station",
        "footfall_prior": 0.0
      }
    },
    {
      "type": "Feature",
      "geometry": {
        "type": "Point",
        "coordinates": [
          76.8135477,
          30.7170531
        ]
      },
      "properties": {
        "direction_id": "r16492535",
        "route_id": "11",
        "sequence": 1,
        "osm_node_id": 11230148264,
        "name": null,
        "footfall_prior": 0.0
      }
    },
    {
      "type": "Feature",
      "geometry": {
        "type": "Point",
        "coordinates": [
          76.8074116,
          30.722668
        ]
      },
      "properties": {
        "direction_id": "r16492535",
        "route_id": "11",
        "sequence": 2,
        "osm_node_id": 11335525458,
        "name": null,
        "footfall_prior": 0.0
      }
    },
    {
      "type": "Feature",
      "geometry": {
        "type": "Point",
        "coordinates": [
          76.8035954,
          30.7269827
        ]
      },
      "properties": {
        "direction_id": "r16492535",
        "route_id": "11",
        "sequence": 3,
        "osm_node_id": 11335525457,
        "name": null,
        "footfall_prior": 0.0
      }
    },
    {
      "type": "Feature",
      "geometry": {
        "type": "Point",
        "coordinates": [
          76.7940228,
          30.7368248
        ]
      },
      "properties": {
        "direction_id": "r16492535",
        "route_id": "11",
        "sequence": 4,
        "osm_node_id": 6970853271,
        "name": null,
        "footfall_prior": 0.0
      }
    },
    {
      "type": "Feature",
      "geometry": {
        "type": "Point",
        "coordinates": [
          76.7927769,
          30.7386127
        ]
      },
      "properties": {
        "direction_id": "r16492535",
        "route_id": "11",
        "sequence": 5,
        "osm_node_id": 11335525459,
        "name": null,
        "footfall_prior": 0.0
      }
    },
    {
      "type": "Feature",
      "geometry": {
        "type": "Point",
        "coordinates": [
          76.7787227,
          30.7326894
        ]
      },
      "properties": {
        "direction_id": "r16492640",
        "route_id": "17",
        "sequence": 0,
        "osm_node_id": 11147476433,
        "name": null,
        "footfall_prior": 0.0
      }
    },
    {
      "type": "Feature",
      "geometry": {
        "type": "Point",
        "coordinates": [
          76.7426917,
          30.7163272
        ]
      },
      "properties": {
        "direction_id": "r16492640",
        "route_id": "17",
        "sequence": 1,
        "osm_node_id": 1425480419,
        "name": "ISBT",
        "footfall_prior": 0.0
      }
    },
    {
      "type": "Feature",
      "geometry": {
        "type": "Point",
        "coordinates": [
          76.7433637,
          30.7171785
        ]
      },
      "properties": {
        "direction_id": "r16492640",
        "route_id": "17",
        "sequence": 2,
        "osm_node_id": 28845205,
        "name": "CTU Local Bus Station 43",
        "footfall_prior": 0.0
      }
    },
    {
      "type": "Feature",
      "geometry": {
        "type": "Point",
        "coordinates": [
          76.7504965,
          30.7153735
        ]
      },
      "properties": {
        "direction_id": "r16492641",
        "route_id": "17",
        "sequence": 0,
        "osm_node_id": 4306384689,
        "name": "Sector 43-44 road",
        "footfall_prior": 0.0
      }
    },
    {
      "type": "Feature",
      "geometry": {
        "type": "Point",
        "coordinates": [
          76.7787227,
          30.7326894
        ]
      },
      "properties": {
        "direction_id": "r16492641",
        "route_id": "17",
        "sequence": 1,
        "osm_node_id": 11147476433,
        "name": null,
        "footfall_prior": 0.0
      }
    },
    {
      "type": "Feature",
      "geometry": {
        "type": "Point",
        "coordinates": [
          76.7426917,
          30.7163272
        ]
      },
      "properties": {
        "direction_id": "r16492677",
        "route_id": "18",
        "sequence": 0,
        "osm_node_id": 1425480419,
        "name": "ISBT",
        "footfall_prior": 0.0
      }
    },
    {
      "type": "Feature",
      "geometry": {
        "type": "Point",
        "coordinates": [
          76.7433637,
          30.7171785
        ]
      },
      "properties": {
        "direction_id": "r16492677",
        "route_id": "18",
        "sequence": 1,
        "osm_node_id": 28845205,
        "name": "CTU Local Bus Station 43",
        "footfall_prior": 0.0
      }
    },
    {
      "type": "Feature",
      "geometry": {
        "type": "Point",
        "coordinates": [
          76.7660614,
          30.7247451
        ]
      },
      "properties": {
        "direction_id": "r16494775",
        "route_id": "14",
        "sequence": 0,
        "osm_node_id": 1041047045,
        "name": "Bus Stop, Sector 34-A",
        "footfall_prior": 0.0
      }
    },
    {
      "type": "Feature",
      "geometry": {
        "type": "Point",
        "coordinates": [
          76.7426917,
          30.7163272
        ]
      },
      "properties": {
        "direction_id": "r16494775",
        "route_id": "14",
        "sequence": 1,
        "osm_node_id": 1425480419,
        "name": "ISBT",
        "footfall_prior": 0.0
      }
    },
    {
      "type": "Feature",
      "geometry": {
        "type": "Point",
        "coordinates": [
          76.7433637,
          30.7171785
        ]
      },
      "properties": {
        "direction_id": "r16494775",
        "route_id": "14",
        "sequence": 2,
        "osm_node_id": 28845205,
        "name": "CTU Local Bus Station 43",
        "footfall_prior": 0.0
      }
    },
    {
      "type": "Feature",
      "geometry": {
        "type": "Point",
        "coordinates": [
          76.7504965,
          30.7153735
        ]
      },
      "properties": {
        "direction_id": "r16494776",
        "route_id": "14",
        "sequence": 0,
        "osm_node_id": 4306384689,
        "name": "Sector 43-44 road",
        "footfall_prior": 0.0
      }
    },
    {
      "type": "Feature",
      "geometry": {
        "type": "Point",
        "coordinates": [
          76.7660614,
          30.7247451
        ]
      },
      "properties": {
        "direction_id": "r16494776",
        "route_id": "14",
        "sequence": 1,
        "osm_node_id": 1041047045,
        "name": "Bus Stop, Sector 34-A",
        "footfall_prior": 0.0
      }
    },
    {
      "type": "Feature",
      "geometry": {
        "type": "Point",
        "coordinates": [
          76.7787227,
          30.7326894
        ]
      },
      "properties": {
        "direction_id": "r16494912",
        "route_id": "20",
        "sequence": 0,
        "osm_node_id": 11147476433,
        "name": null,
        "footfall_prior": 0.0
      }
    },
    {
      "type": "Feature",
      "geometry": {
        "type": "Point",
        "coordinates": [
          76.7426917,
          30.7163272
        ]
      },
      "properties": {
        "direction_id": "r16494912",
        "route_id": "20",
        "sequence": 1,
        "osm_node_id": 1425480419,
        "name": "ISBT",
        "footfall_prior": 0.0
      }
    },
    {
      "type": "Feature",
      "geometry": {
        "type": "Point",
        "coordinates": [
          76.7433637,
          30.7171785
        ]
      },
      "properties": {
        "direction_id": "r16494912",
        "route_id": "20",
        "sequence": 2,
        "osm_node_id": 28845205,
        "name": "CTU Local Bus Station 43",
        "footfall_prior": 0.0
      }
    },
    {
      "type": "Feature",
      "geometry": {
        "type": "Point",
        "coordinates": [
          76.7426917,
          30.7163272
        ]
      },
      "properties": {
        "direction_id": "r16494951",
        "route_id": "20",
        "sequence": 0,
        "osm_node_id": 1425480419,
        "name": "ISBT",
        "footfall_prior": 0.0
      }
    },
    {
      "type": "Feature",
      "geometry": {
        "type": "Point",
        "coordinates": [
          76.7433637,
          30.7171785
        ]
      },
      "properties": {
        "direction_id": "r16494951",
        "route_id": "20",
        "sequence": 1,
        "osm_node_id": 28845205,
        "name": "CTU Local Bus Station 43",
        "footfall_prior": 0.0
      }
    },
    {
      "type": "Feature",
      "geometry": {
        "type": "Point",
        "coordinates": [
          76.7787227,
          30.7326894
        ]
      },
      "properties": {
        "direction_id": "r16494951",
        "route_id": "20",
        "sequence": 2,
        "osm_node_id": 11147476433,
        "name": null,
        "footfall_prior": 0.0
      }
    },
    {
      "type": "Feature",
      "geometry": {
        "type": "Point",
        "coordinates": [
          76.7121523,
          30.6904159
        ]
      },
      "properties": {
        "direction_id": "r16494973",
        "route_id": "20A",
        "sequence": 0,
        "osm_node_id": 9857905217,
        "name": null,
        "footfall_prior": 0.0
      }
    },
    {
      "type": "Feature",
      "geometry": {
        "type": "Point",
        "coordinates": [
          76.7426917,
          30.7163272
        ]
      },
      "properties": {
        "direction_id": "r16494973",
        "route_id": "20A",
        "sequence": 1,
        "osm_node_id": 1425480419,
        "name": "ISBT",
        "footfall_prior": 0.0
      }
    },
    {
      "type": "Feature",
      "geometry": {
        "type": "Point",
        "coordinates": [
          76.7433637,
          30.7171785
        ]
      },
      "properties": {
        "direction_id": "r16494973",
        "route_id": "20A",
        "sequence": 2,
        "osm_node_id": 28845205,
        "name": "CTU Local Bus Station 43",
        "footfall_prior": 0.0
      }
    },
    {
      "type": "Feature",
      "geometry": {
        "type": "Point",
        "coordinates": [
          76.7787227,
          30.7326894
        ]
      },
      "properties": {
        "direction_id": "r16494973",
        "route_id": "20A",
        "sequence": 3,
        "osm_node_id": 11147476433,
        "name": null,
        "footfall_prior": 0.0
      }
    },
    {
      "type": "Feature",
      "geometry": {
        "type": "Point",
        "coordinates": [
          76.7787227,
          30.7326894
        ]
      },
      "properties": {
        "direction_id": "r16494974",
        "route_id": "20A",
        "sequence": 0,
        "osm_node_id": 11147476433,
        "name": null,
        "footfall_prior": 0.0
      }
    },
    {
      "type": "Feature",
      "geometry": {
        "type": "Point",
        "coordinates": [
          76.7426917,
          30.7163272
        ]
      },
      "properties": {
        "direction_id": "r16494974",
        "route_id": "20A",
        "sequence": 1,
        "osm_node_id": 1425480419,
        "name": "ISBT",
        "footfall_prior": 0.0
      }
    },
    {
      "type": "Feature",
      "geometry": {
        "type": "Point",
        "coordinates": [
          76.7433637,
          30.7171785
        ]
      },
      "properties": {
        "direction_id": "r16494974",
        "route_id": "20A",
        "sequence": 2,
        "osm_node_id": 28845205,
        "name": "CTU Local Bus Station 43",
        "footfall_prior": 0.0
      }
    },
    {
      "type": "Feature",
      "geometry": {
        "type": "Point",
        "coordinates": [
          76.7116208,
          30.6904366
        ]
      },
      "properties": {
        "direction_id": "r16494974",
        "route_id": "20A",
        "sequence": 3,
        "osm_node_id": 5761967091,
        "name": "Sas Nagar",
        "footfall_prior": 0.0
      }
    },
    {
      "type": "Feature",
      "geometry": {
        "type": "Point",
        "coordinates": [
          76.8391663,
          30.7090224
        ]
      },
      "properties": {
        "direction_id": "r16506719",
        "route_id": "22",
        "sequence": 0,
        "osm_node_id": 11148076756,
        "name": null,
        "footfall_prior": 0.0
      }
    },
    {
      "type": "Feature",
      "geometry": {
        "type": "Point",
        "coordinates": [
          76.8360406,
          30.7076089
        ]
      },
      "properties": {
        "direction_id": "r16506719",
        "route_id": "22",
        "sequence": 1,
        "osm_node_id": 10000240246,
        "name": "Housing Board Chowk",
        "footfall_prior": 0.0
      }
    },
    {
      "type": "Feature",
      "geometry": {
        "type": "Point",
        "coordinates": [
          76.8296565,
          30.7091315
        ]
      },
      "properties": {
        "direction_id": "r16506719",
        "route_id": "22",
        "sequence": 2,
        "osm_node_id": 11230163714,
        "name": null,
        "footfall_prior": 0.0
      }
    },
    {
      "type": "Feature",
      "geometry": {
        "type": "Point",
        "coordinates": [
          76.8227532,
          30.7123935
        ]
      },
      "properties": {
        "direction_id": "r16506719",
        "route_id": "22",
        "sequence": 3,
        "osm_node_id": 11230165511,
        "name": null,
        "footfall_prior": 0.0
      }
    },
    {
      "type": "Feature",
      "geometry": {
        "type": "Point",
        "coordinates": [
          76.8190972,
          30.702824
        ]
      },
      "properties": {
        "direction_id": "r16506719",
        "route_id": "22",
        "sequence": 4,
        "osm_node_id": 2914440106,
        "name": "Chandigarh Railway Station",
        "footfall_prior": 0.0
      }
    },
    {
      "type": "Feature",
      "geometry": {
        "type": "Point",
        "coordinates": [
          76.8135477,
          30.7170531
        ]
      },
      "properties": {
        "direction_id": "r16506719",
        "route_id": "22",
        "sequence": 5,
        "osm_node_id": 11230148264,
        "name": null,
        "footfall_prior": 0.0
      }
    },
    {
      "type": "Feature",
      "geometry": {
        "type": "Point",
        "coordinates": [
          76.7426917,
          30.7163272
        ]
      },
      "properties": {
        "direction_id": "r16506719",
        "route_id": "22",
        "sequence": 6,
        "osm_node_id": 1425480419,
        "name": "ISBT",
        "footfall_prior": 0.0
      }
    },
    {
      "type": "Feature",
      "geometry": {
        "type": "Point",
        "coordinates": [
          76.7433637,
          30.7171785
        ]
      },
      "properties": {
        "direction_id": "r16506719",
        "route_id": "22",
        "sequence": 7,
        "osm_node_id": 28845205,
        "name": "CTU Local Bus Station 43",
        "footfall_prior": 0.0
      }
    },
    {
      "type": "Feature",
      "geometry": {
        "type": "Point",
        "coordinates": [
          76.7504965,
          30.7153735
        ]
      },
      "properties": {
        "direction_id": "r16506720",
        "route_id": "22",
        "sequence": 0,
        "osm_node_id": 4306384689,
        "name": "Sector 43-44 road",
        "footfall_prior": 0.0
      }
    },
    {
      "type": "Feature",
      "geometry": {
        "type": "Point",
        "coordinates": [
          76.8135477,
          30.7170531
        ]
      },
      "properties": {
        "direction_id": "r16506720",
        "route_id": "22",
        "sequence": 1,
        "osm_node_id": 11230148264,
        "name": null,
        "footfall_prior": 0.0
      }
    },
    {
      "type": "Feature",
      "geometry": {
        "type": "Point",
        "coordinates": [
          76.8190972,
          30.702824
        ]
      },
      "properties": {
        "direction_id": "r16506720",
        "route_id": "22",
        "sequence": 2,
        "osm_node_id": 2914440106,
        "name": "Chandigarh Railway Station",
        "footfall_prior": 0.0
      }
    },
    {
      "type": "Feature",
      "geometry": {
        "type": "Point",
        "coordinates": [
          76.8227532,
          30.7123935
        ]
      },
      "properties": {
        "direction_id": "r16506720",
        "route_id": "22",
        "sequence": 3,
        "osm_node_id": 11230165511,
        "name": null,
        "footfall_prior": 0.0
      }
    },
    {
      "type": "Feature",
      "geometry": {
        "type": "Point",
        "coordinates": [
          76.8296565,
          30.7091315
        ]
      },
      "properties": {
        "direction_id": "r16506720",
        "route_id": "22",
        "sequence": 4,
        "osm_node_id": 11230163714,
        "name": null,
        "footfall_prior": 0.0
      }
    },
    {
      "type": "Feature",
      "geometry": {
        "type": "Point",
        "coordinates": [
          76.8360406,
          30.7076089
        ]
      },
      "properties": {
        "direction_id": "r16506720",
        "route_id": "22",
        "sequence": 5,
        "osm_node_id": 10000240246,
        "name": "Housing Board Chowk",
        "footfall_prior": 0.0
      }
    },
    {
      "type": "Feature",
      "geometry": {
        "type": "Point",
        "coordinates": [
          76.8390732,
          30.7092765
        ]
      },
      "properties": {
        "direction_id": "r16506720",
        "route_id": "22",
        "sequence": 6,
        "osm_node_id": 10744858599,
        "name": null,
        "footfall_prior": 0.0
      }
    },
    {
      "type": "Feature",
      "geometry": {
        "type": "Point",
        "coordinates": [
          76.7787227,
          30.7326894
        ]
      },
      "properties": {
        "direction_id": "r16506775",
        "route_id": "23A",
        "sequence": 0,
        "osm_node_id": 11147476433,
        "name": null,
        "footfall_prior": 0.0
      }
    },
    {
      "type": "Feature",
      "geometry": {
        "type": "Point",
        "coordinates": [
          76.7660614,
          30.7247451
        ]
      },
      "properties": {
        "direction_id": "r16506775",
        "route_id": "23A",
        "sequence": 1,
        "osm_node_id": 1041047045,
        "name": "Bus Stop, Sector 34-A",
        "footfall_prior": 0.0
      }
    },
    {
      "type": "Feature",
      "geometry": {
        "type": "Point",
        "coordinates": [
          76.7426917,
          30.7163272
        ]
      },
      "properties": {
        "direction_id": "r16506775",
        "route_id": "23A",
        "sequence": 2,
        "osm_node_id": 1425480419,
        "name": "ISBT",
        "footfall_prior": 0.0
      }
    },
    {
      "type": "Feature",
      "geometry": {
        "type": "Point",
        "coordinates": [
          76.7433637,
          30.7171785
        ]
      },
      "properties": {
        "direction_id": "r16506775",
        "route_id": "23A",
        "sequence": 3,
        "osm_node_id": 28845205,
        "name": "CTU Local Bus Station 43",
        "footfall_prior": 0.0
      }
    },
    {
      "type": "Feature",
      "geometry": {
        "type": "Point",
        "coordinates": [
          76.7504965,
          30.7153735
        ]
      },
      "properties": {
        "direction_id": "r16506776",
        "route_id": "23A",
        "sequence": 0,
        "osm_node_id": 4306384689,
        "name": "Sector 43-44 road",
        "footfall_prior": 0.0
      }
    },
    {
      "type": "Feature",
      "geometry": {
        "type": "Point",
        "coordinates": [
          76.7660614,
          30.7247451
        ]
      },
      "properties": {
        "direction_id": "r16506776",
        "route_id": "23A",
        "sequence": 1,
        "osm_node_id": 1041047045,
        "name": "Bus Stop, Sector 34-A",
        "footfall_prior": 0.0
      }
    },
    {
      "type": "Feature",
      "geometry": {
        "type": "Point",
        "coordinates": [
          76.7787227,
          30.7326894
        ]
      },
      "properties": {
        "direction_id": "r16506776",
        "route_id": "23A",
        "sequence": 2,
        "osm_node_id": 11147476433,
        "name": null,
        "footfall_prior": 0.0
      }
    },
    {
      "type": "Feature",
      "geometry": {
        "type": "Point",
        "coordinates": [
          76.8135477,
          30.7170531
        ]
      },
      "properties": {
        "direction_id": "r16506818",
        "route_id": "26",
        "sequence": 0,
        "osm_node_id": 11230148264,
        "name": null,
        "footfall_prior": 0.0
      }
    },
    {
      "type": "Feature",
      "geometry": {
        "type": "Point",
        "coordinates": [
          76.8190972,
          30.702824
        ]
      },
      "properties": {
        "direction_id": "r16506818",
        "route_id": "26",
        "sequence": 1,
        "osm_node_id": 2914440106,
        "name": "Chandigarh Railway Station",
        "footfall_prior": 0.0
      }
    },
    {
      "type": "Feature",
      "geometry": {
        "type": "Point",
        "coordinates": [
          76.7817645,
          30.7312616
        ]
      },
      "properties": {
        "direction_id": "r16506818",
        "route_id": "26",
        "sequence": 2,
        "osm_node_id": 11147439160,
        "name": null,
        "footfall_prior": 0.0
      }
    },
    {
      "type": "Feature",
      "geometry": {
        "type": "Point",
        "coordinates": [
          76.7752879,
          30.7600181
        ]
      },
      "properties": {
        "direction_id": "r16506818",
        "route_id": "26",
        "sequence": 3,
        "osm_node_id": 11053559568,
        "name": "PGI",
        "footfall_prior": 0.0
      }
    },
    {
      "type": "Feature",
      "geometry": {
        "type": "Point",
        "coordinates": [
          76.7752879,
          30.7600181
        ]
      },
      "properties": {
        "direction_id": "r16506819",
        "route_id": "26",
        "sequence": 0,
        "osm_node_id": 11053559568,
        "name": "PGI",
        "footfall_prior": 0.0
      }
    },
    {
      "type": "Feature",
      "geometry": {
        "type": "Point",
        "coordinates": [
          76.7817645,
          30.7312616
        ]
      },
      "properties": {
        "direction_id": "r16506819",
        "route_id": "26",
        "sequence": 1,
        "osm_node_id": 11147439160,
        "name": null,
        "footfall_prior": 0.0
      }
    },
    {
      "type": "Feature",
      "geometry": {
        "type": "Point",
        "coordinates": [
          76.8135477,
          30.7170531
        ]
      },
      "properties": {
        "direction_id": "r16506819",
        "route_id": "26",
        "sequence": 2,
        "osm_node_id": 11230148264,
        "name": null,
        "footfall_prior": 0.0
      }
    },
    {
      "type": "Feature",
      "geometry": {
        "type": "Point",
        "coordinates": [
          76.8190972,
          30.702824
        ]
      },
      "properties": {
        "direction_id": "r16506819",
        "route_id": "26",
        "sequence": 3,
        "osm_node_id": 2914440106,
        "name": "Chandigarh Railway Station",
        "footfall_prior": 0.0
      }
    },
    {
      "type": "Feature",
      "geometry": {
        "type": "Point",
        "coordinates": [
          76.8391663,
          30.7090224
        ]
      },
      "properties": {
        "direction_id": "r16507527",
        "route_id": "28",
        "sequence": 0,
        "osm_node_id": 11148076756,
        "name": null,
        "footfall_prior": 0.0
      }
    },
    {
      "type": "Feature",
      "geometry": {
        "type": "Point",
        "coordinates": [
          76.8360406,
          30.7076089
        ]
      },
      "properties": {
        "direction_id": "r16507527",
        "route_id": "28",
        "sequence": 1,
        "osm_node_id": 10000240246,
        "name": "Housing Board Chowk",
        "footfall_prior": 0.0
      }
    },
    {
      "type": "Feature",
      "geometry": {
        "type": "Point",
        "coordinates": [
          76.8296565,
          30.7091315
        ]
      },
      "properties": {
        "direction_id": "r16507527",
        "route_id": "28",
        "sequence": 2,
        "osm_node_id": 11230163714,
        "name": null,
        "footfall_prior": 0.0
      }
    },
    {
      "type": "Feature",
      "geometry": {
        "type": "Point",
        "coordinates": [
          76.8227532,
          30.7123935
        ]
      },
      "properties": {
        "direction_id": "r16507527",
        "route_id": "28",
        "sequence": 3,
        "osm_node_id": 11230165511,
        "name": null,
        "footfall_prior": 0.0
      }
    },
    {
      "type": "Feature",
      "geometry": {
        "type": "Point",
        "coordinates": [
          76.8190972,
          30.702824
        ]
      },
      "properties": {
        "direction_id": "r16507527",
        "route_id": "28",
        "sequence": 4,
        "osm_node_id": 2914440106,
        "name": "Chandigarh Railway Station",
        "footfall_prior": 0.0
      }
    },
    {
      "type": "Feature",
      "geometry": {
        "type": "Point",
        "coordinates": [
          76.8135477,
          30.7170531
        ]
      },
      "properties": {
        "direction_id": "r16507527",
        "route_id": "28",
        "sequence": 5,
        "osm_node_id": 11230148264,
        "name": null,
        "footfall_prior": 0.0
      }
    },
    {
      "type": "Feature",
      "geometry": {
        "type": "Point",
        "coordinates": [
          76.8074116,
          30.722668
        ]
      },
      "properties": {
        "direction_id": "r16507527",
        "route_id": "28",
        "sequence": 6,
        "osm_node_id": 11335525458,
        "name": null,
        "footfall_prior": 0.0
      }
    },
    {
      "type": "Feature",
      "geometry": {
        "type": "Point",
        "coordinates": [
          76.8035954,
          30.7269827
        ]
      },
      "properties": {
        "direction_id": "r16507527",
        "route_id": "28",
        "sequence": 7,
        "osm_node_id": 11335525457,
        "name": null,
        "footfall_prior": 0.0
      }
    },
    {
      "type": "Feature",
      "geometry": {
        "type": "Point",
        "coordinates": [
          76.7940228,
          30.7368248
        ]
      },
      "properties": {
        "direction_id": "r16507527",
        "route_id": "28",
        "sequence": 8,
        "osm_node_id": 6970853271,
        "name": null,
        "footfall_prior": 0.0
      }
    },
    {
      "type": "Feature",
      "geometry": {
        "type": "Point",
        "coordinates": [
          76.7927769,
          30.7386127
        ]
      },
      "properties": {
        "direction_id": "r16507527",
        "route_id": "28",
        "sequence": 9,
        "osm_node_id": 11335525459,
        "name": null,
        "footfall_prior": 0.0
      }
    },
    {
      "type": "Feature",
      "geometry": {
        "type": "Point",
        "coordinates": [
          76.7927769,
          30.7386127
        ]
      },
      "properties": {
        "direction_id": "r16507528",
        "route_id": "28",
        "sequence": 0,
        "osm_node_id": 11335525459,
        "name": null,
        "footfall_prior": 0.0
      }
    },
    {
      "type": "Feature",
      "geometry": {
        "type": "Point",
        "coordinates": [
          76.7940228,
          30.7368248
        ]
      },
      "properties": {
        "direction_id": "r16507528",
        "route_id": "28",
        "sequence": 1,
        "osm_node_id": 6970853271,
        "name": null,
        "footfall_prior": 0.0
      }
    },
    {
      "type": "Feature",
      "geometry": {
        "type": "Point",
        "coordinates": [
          76.8035954,
          30.7269827
        ]
      },
      "properties": {
        "direction_id": "r16507528",
        "route_id": "28",
        "sequence": 2,
        "osm_node_id": 11335525457,
        "name": null,
        "footfall_prior": 0.0
      }
    },
    {
      "type": "Feature",
      "geometry": {
        "type": "Point",
        "coordinates": [
          76.8074116,
          30.722668
        ]
      },
      "properties": {
        "direction_id": "r16507528",
        "route_id": "28",
        "sequence": 3,
        "osm_node_id": 11335525458,
        "name": null,
        "footfall_prior": 0.0
      }
    },
    {
      "type": "Feature",
      "geometry": {
        "type": "Point",
        "coordinates": [
          76.8135477,
          30.7170531
        ]
      },
      "properties": {
        "direction_id": "r16507528",
        "route_id": "28",
        "sequence": 4,
        "osm_node_id": 11230148264,
        "name": null,
        "footfall_prior": 0.0
      }
    },
    {
      "type": "Feature",
      "geometry": {
        "type": "Point",
        "coordinates": [
          76.8190972,
          30.702824
        ]
      },
      "properties": {
        "direction_id": "r16507528",
        "route_id": "28",
        "sequence": 5,
        "osm_node_id": 2914440106,
        "name": "Chandigarh Railway Station",
        "footfall_prior": 0.0
      }
    },
    {
      "type": "Feature",
      "geometry": {
        "type": "Point",
        "coordinates": [
          76.8227532,
          30.7123935
        ]
      },
      "properties": {
        "direction_id": "r16507528",
        "route_id": "28",
        "sequence": 6,
        "osm_node_id": 11230165511,
        "name": null,
        "footfall_prior": 0.0
      }
    },
    {
      "type": "Feature",
      "geometry": {
        "type": "Point",
        "coordinates": [
          76.8296565,
          30.7091315
        ]
      },
      "properties": {
        "direction_id": "r16507528",
        "route_id": "28",
        "sequence": 7,
        "osm_node_id": 11230163714,
        "name": null,
        "footfall_prior": 0.0
      }
    },
    {
      "type": "Feature",
      "geometry": {
        "type": "Point",
        "coordinates": [
          76.8360406,
          30.7076089
        ]
      },
      "properties": {
        "direction_id": "r16507528",
        "route_id": "28",
        "sequence": 8,
        "osm_node_id": 10000240246,
        "name": "Housing Board Chowk",
        "footfall_prior": 0.0
      }
    },
    {
      "type": "Feature",
      "geometry": {
        "type": "Point",
        "coordinates": [
          76.8390732,
          30.7092765
        ]
      },
      "properties": {
        "direction_id": "r16507528",
        "route_id": "28",
        "sequence": 9,
        "osm_node_id": 10744858599,
        "name": null,
        "footfall_prior": 0.0
      }
    },
    {
      "type": "Feature",
      "geometry": {
        "type": "Point",
        "coordinates": [
          76.8391663,
          30.7090224
        ]
      },
      "properties": {
        "direction_id": "r16507557",
        "route_id": "30",
        "sequence": 0,
        "osm_node_id": 11148076756,
        "name": null,
        "footfall_prior": 0.0
      }
    },
    {
      "type": "Feature",
      "geometry": {
        "type": "Point",
        "coordinates": [
          76.8360406,
          30.7076089
        ]
      },
      "properties": {
        "direction_id": "r16507557",
        "route_id": "30",
        "sequence": 1,
        "osm_node_id": 10000240246,
        "name": "Housing Board Chowk",
        "footfall_prior": 0.0
      }
    },
    {
      "type": "Feature",
      "geometry": {
        "type": "Point",
        "coordinates": [
          76.8296565,
          30.7091315
        ]
      },
      "properties": {
        "direction_id": "r16507557",
        "route_id": "30",
        "sequence": 2,
        "osm_node_id": 11230163714,
        "name": null,
        "footfall_prior": 0.0
      }
    },
    {
      "type": "Feature",
      "geometry": {
        "type": "Point",
        "coordinates": [
          76.8227532,
          30.7123935
        ]
      },
      "properties": {
        "direction_id": "r16507557",
        "route_id": "30",
        "sequence": 3,
        "osm_node_id": 11230165511,
        "name": null,
        "footfall_prior": 0.0
      }
    },
    {
      "type": "Feature",
      "geometry": {
        "type": "Point",
        "coordinates": [
          76.8135477,
          30.7170531
        ]
      },
      "properties": {
        "direction_id": "r16507557",
        "route_id": "30",
        "sequence": 4,
        "osm_node_id": 11230148264,
        "name": null,
        "footfall_prior": 0.0
      }
    },
    {
      "type": "Feature",
      "geometry": {
        "type": "Point",
        "coordinates": [
          76.8074116,
          30.722668
        ]
      },
      "properties": {
        "direction_id": "r16507557",
        "route_id": "30",
        "sequence": 5,
        "osm_node_id": 11335525458,
        "name": null,
        "footfall_prior": 0.0
      }
    },
    {
      "type": "Feature",
      "geometry": {
        "type": "Point",
        "coordinates": [
          76.8035954,
          30.7269827
        ]
      },
      "properties": {
        "direction_id": "r16507557",
        "route_id": "30",
        "sequence": 6,
        "osm_node_id": 11335525457,
        "name": null,
        "footfall_prior": 0.0
      }
    },
    {
      "type": "Feature",
      "geometry": {
        "type": "Point",
        "coordinates": [
          76.7787227,
          30.7326894
        ]
      },
      "properties": {
        "direction_id": "r16507557",
        "route_id": "30",
        "sequence": 7,
        "osm_node_id": 11147476433,
        "name": null,
        "footfall_prior": 0.0
      }
    },
    {
      "type": "Feature",
      "geometry": {
        "type": "Point",
        "coordinates": [
          76.7426917,
          30.7163272
        ]
      },
      "properties": {
        "direction_id": "r16507557",
        "route_id": "30",
        "sequence": 8,
        "osm_node_id": 1425480419,
        "name": "ISBT",
        "footfall_prior": 0.0
      }
    },
    {
      "type": "Feature",
      "geometry": {
        "type": "Point",
        "coordinates": [
          76.7433637,
          30.7171785
        ]
      },
      "properties": {
        "direction_id": "r16507557",
        "route_id": "30",
        "sequence": 9,
        "osm_node_id": 28845205,
        "name": "CTU Local Bus Station 43",
        "footfall_prior": 0.0
      }
    },
    {
      "type": "Feature",
      "geometry": {
        "type": "Point",
        "coordinates": [
          76.7504965,
          30.7153735
        ]
      },
      "properties": {
        "direction_id": "r16507558",
        "route_id": "30",
        "sequence": 0,
        "osm_node_id": 4306384689,
        "name": "Sector 43-44 road",
        "footfall_prior": 0.0
      }
    },
    {
      "type": "Feature",
      "geometry": {
        "type": "Point",
        "coordinates": [
          76.7787227,
          30.7326894
        ]
      },
      "properties": {
        "direction_id": "r16507558",
        "route_id": "30",
        "sequence": 1,
        "osm_node_id": 11147476433,
        "name": null,
        "footfall_prior": 0.0
      }
    },
    {
      "type": "Feature",
      "geometry": {
        "type": "Point",
        "coordinates": [
          76.8035954,
          30.7269827
        ]
      },
      "properties": {
        "direction_id": "r16507558",
        "route_id": "30",
        "sequence": 2,
        "osm_node_id": 11335525457,
        "name": null,
        "footfall_prior": 0.0
      }
    },
    {
      "type": "Feature",
      "geometry": {
        "type": "Point",
        "coordinates": [
          76.8074116,
          30.722668
        ]
      },
      "properties": {
        "direction_id": "r16507558",
        "route_id": "30",
        "sequence": 3,
        "osm_node_id": 11335525458,
        "name": null,
        "footfall_prior": 0.0
      }
    },
    {
      "type": "Feature",
      "geometry": {
        "type": "Point",
        "coordinates": [
          76.8135477,
          30.7170531
        ]
      },
      "properties": {
        "direction_id": "r16507558",
        "route_id": "30",
        "sequence": 4,
        "osm_node_id": 11230148264,
        "name": null,
        "footfall_prior": 0.0
      }
    },
    {
      "type": "Feature",
      "geometry": {
        "type": "Point",
        "coordinates": [
          76.8227532,
          30.7123935
        ]
      },
      "properties": {
        "direction_id": "r16507558",
        "route_id": "30",
        "sequence": 5,
        "osm_node_id": 11230165511,
        "name": null,
        "footfall_prior": 0.0
      }
    },
    {
      "type": "Feature",
      "geometry": {
        "type": "Point",
        "coordinates": [
          76.8296565,
          30.7091315
        ]
      },
      "properties": {
        "direction_id": "r16507558",
        "route_id": "30",
        "sequence": 6,
        "osm_node_id": 11230163714,
        "name": null,
        "footfall_prior": 0.0
      }
    },
    {
      "type": "Feature",
      "geometry": {
        "type": "Point",
        "coordinates": [
          76.8360406,
          30.7076089
        ]
      },
      "properties": {
        "direction_id": "r16507558",
        "route_id": "30",
        "sequence": 7,
        "osm_node_id": 10000240246,
        "name": "Housing Board Chowk",
        "footfall_prior": 0.0
      }
    },
    {
      "type": "Feature",
      "geometry": {
        "type": "Point",
        "coordinates": [
          76.8390732,
          30.7092765
        ]
      },
      "properties": {
        "direction_id": "r16507558",
        "route_id": "30",
        "sequence": 8,
        "osm_node_id": 10744858599,
        "name": null,
        "footfall_prior": 0.0
      }
    },
    {
      "type": "Feature",
      "geometry": {
        "type": "Point",
        "coordinates": [
          76.8391663,
          30.7090224
        ]
      },
      "properties": {
        "direction_id": "r16507593",
        "route_id": "30A",
        "sequence": 0,
        "osm_node_id": 11148076756,
        "name": null,
        "footfall_prior": 0.0
      }
    },
    {
      "type": "Feature",
      "geometry": {
        "type": "Point",
        "coordinates": [
          76.8360406,
          30.7076089
        ]
      },
      "properties": {
        "direction_id": "r16507593",
        "route_id": "30A",
        "sequence": 1,
        "osm_node_id": 10000240246,
        "name": "Housing Board Chowk",
        "footfall_prior": 0.0
      }
    },
    {
      "type": "Feature",
      "geometry": {
        "type": "Point",
        "coordinates": [
          76.8296565,
          30.7091315
        ]
      },
      "properties": {
        "direction_id": "r16507593",
        "route_id": "30A",
        "sequence": 2,
        "osm_node_id": 11230163714,
        "name": null,
        "footfall_prior": 0.0
      }
    },
    {
      "type": "Feature",
      "geometry": {
        "type": "Point",
        "coordinates": [
          76.8227532,
          30.7123935
        ]
      },
      "properties": {
        "direction_id": "r16507593",
        "route_id": "30A",
        "sequence": 3,
        "osm_node_id": 11230165511,
        "name": null,
        "footfall_prior": 0.0
      }
    },
    {
      "type": "Feature",
      "geometry": {
        "type": "Point",
        "coordinates": [
          76.8190972,
          30.702824
        ]
      },
      "properties": {
        "direction_id": "r16507593",
        "route_id": "30A",
        "sequence": 4,
        "osm_node_id": 2914440106,
        "name": "Chandigarh Railway Station",
        "footfall_prior": 0.0
      }
    },
    {
      "type": "Feature",
      "geometry": {
        "type": "Point",
        "coordinates": [
          76.8135477,
          30.7170531
        ]
      },
      "properties": {
        "direction_id": "r16507593",
        "route_id": "30A",
        "sequence": 5,
        "osm_node_id": 11230148264,
        "name": null,
        "footfall_prior": 0.0
      }
    },
    {
      "type": "Feature",
      "geometry": {
        "type": "Point",
        "coordinates": [
          76.7908761,
          30.7029134
        ]
      },
      "properties": {
        "direction_id": "r16507593",
        "route_id": "30A",
        "sequence": 6,
        "osm_node_id": 813348337,
        "name": null,
        "footfall_prior": 0.0
      }
    },
    {
      "type": "Feature",
      "geometry": {
        "type": "Point",
        "coordinates": [
          76.7426917,
          30.7163272
        ]
      },
      "properties": {
        "direction_id": "r16507593",
        "route_id": "30A",
        "sequence": 7,
        "osm_node_id": 1425480419,
        "name": "ISBT",
        "footfall_prior": 0.0
      }
    },
    {
      "type": "Feature",
      "geometry": {
        "type": "Point",
        "coordinates": [
          76.7433637,
          30.7171785
        ]
      },
      "properties": {
        "direction_id": "r16507593",
        "route_id": "30A",
        "sequence": 8,
        "osm_node_id": 28845205,
        "name": "CTU Local Bus Station 43",
        "footfall_prior": 0.0
      }
    },
    {
      "type": "Feature",
      "geometry": {
        "type": "Point",
        "coordinates": [
          76.7504965,
          30.7153735
        ]
      },
      "properties": {
        "direction_id": "r16507594",
        "route_id": "30A",
        "sequence": 0,
        "osm_node_id": 4306384689,
        "name": "Sector 43-44 road",
        "footfall_prior": 0.0
      }
    },
    {
      "type": "Feature",
      "geometry": {
        "type": "Point",
        "coordinates": [
          76.7908761,
          30.7029134
        ]
      },
      "properties": {
        "direction_id": "r16507594",
        "route_id": "30A",
        "sequence": 1,
        "osm_node_id": 813348337,
        "name": null,
        "footfall_prior": 0.0
      }
    },
    {
      "type": "Feature",
      "geometry": {
        "type": "Point",
        "coordinates": [
          76.8135477,
          30.7170531
        ]
      },
      "properties": {
        "direction_id": "r16507594",
        "route_id": "30A",
        "sequence": 2,
        "osm_node_id": 11230148264,
        "name": null,
        "footfall_prior": 0.0
      }
    },
    {
      "type": "Feature",
      "geometry": {
        "type": "Point",
        "coordinates": [
          76.8190972,
          30.702824
        ]
      },
      "properties": {
        "direction_id": "r16507594",
        "route_id": "30A",
        "sequence": 3,
        "osm_node_id": 2914440106,
        "name": "Chandigarh Railway Station",
        "footfall_prior": 0.0
      }
    },
    {
      "type": "Feature",
      "geometry": {
        "type": "Point",
        "coordinates": [
          76.8227532,
          30.7123935
        ]
      },
      "properties": {
        "direction_id": "r16507594",
        "route_id": "30A",
        "sequence": 4,
        "osm_node_id": 11230165511,
        "name": null,
        "footfall_prior": 0.0
      }
    },
    {
      "type": "Feature",
      "geometry": {
        "type": "Point",
        "coordinates": [
          76.8296565,
          30.7091315
        ]
      },
      "properties": {
        "direction_id": "r16507594",
        "route_id": "30A",
        "sequence": 5,
        "osm_node_id": 11230163714,
        "name": null,
        "footfall_prior": 0.0
      }
    },
    {
      "type": "Feature",
      "geometry": {
        "type": "Point",
        "coordinates": [
          76.8360406,
          30.7076089
        ]
      },
      "properties": {
        "direction_id": "r16507594",
        "route_id": "30A",
        "sequence": 6,
        "osm_node_id": 10000240246,
        "name": "Housing Board Chowk",
        "footfall_prior": 0.0
      }
    },
    {
      "type": "Feature",
      "geometry": {
        "type": "Point",
        "coordinates": [
          76.8390732,
          30.7092765
        ]
      },
      "properties": {
        "direction_id": "r16507594",
        "route_id": "30A",
        "sequence": 7,
        "osm_node_id": 10744858599,
        "name": null,
        "footfall_prior": 0.0
      }
    },
    {
      "type": "Feature",
      "geometry": {
        "type": "Point",
        "coordinates": [
          76.8394271,
          30.6992887
        ]
      },
      "properties": {
        "direction_id": "r16508426",
        "route_id": "30B",
        "sequence": 0,
        "osm_node_id": 10050939906,
        "name": "Sector 17-8",
        "footfall_prior": 0.0
      }
    },
    {
      "type": "Feature",
      "geometry": {
        "type": "Point",
        "coordinates": [
          76.8378215,
          30.7073014
        ]
      },
      "properties": {
        "direction_id": "r16508426",
        "route_id": "30B",
        "sequence": 1,
        "osm_node_id": 11230226204,
        "name": null,
        "footfall_prior": 0.0
      }
    },
    {
      "type": "Feature",
      "geometry": {
        "type": "Point",
        "coordinates": [
          76.8360406,
          30.7076089
        ]
      },
      "properties": {
        "direction_id": "r16508426",
        "route_id": "30B",
        "sequence": 2,
        "osm_node_id": 10000240246,
        "name": "Housing Board Chowk",
        "footfall_prior": 0.0
      }
    },
    {
      "type": "Feature",
      "geometry": {
        "type": "Point",
        "coordinates": [
          76.8296565,
          30.7091315
        ]
      },
      "properties": {
        "direction_id": "r16508426",
        "route_id": "30B",
        "sequence": 3,
        "osm_node_id": 11230163714,
        "name": null,
        "footfall_prior": 0.0
      }
    },
    {
      "type": "Feature",
      "geometry": {
        "type": "Point",
        "coordinates": [
          76.8227532,
          30.7123935
        ]
      },
      "properties": {
        "direction_id": "r16508426",
        "route_id": "30B",
        "sequence": 4,
        "osm_node_id": 11230165511,
        "name": null,
        "footfall_prior": 0.0
      }
    },
    {
      "type": "Feature",
      "geometry": {
        "type": "Point",
        "coordinates": [
          76.8135477,
          30.7170531
        ]
      },
      "properties": {
        "direction_id": "r16508426",
        "route_id": "30B",
        "sequence": 5,
        "osm_node_id": 11230148264,
        "name": null,
        "footfall_prior": 0.0
      }
    },
    {
      "type": "Feature",
      "geometry": {
        "type": "Point",
        "coordinates": [
          76.8074116,
          30.722668
        ]
      },
      "properties": {
        "direction_id": "r16508426",
        "route_id": "30B",
        "sequence": 6,
        "osm_node_id": 11335525458,
        "name": null,
        "footfall_prior": 0.0
      }
    },
    {
      "type": "Feature",
      "geometry": {
        "type": "Point",
        "coordinates": [
          76.8058122,
          30.722752
        ]
      },
      "properties": {
        "direction_id": "r16508426",
        "route_id": "30B",
        "sequence": 7,
        "osm_node_id": 11364089920,
        "name": null,
        "footfall_prior": 0.0
      }
    },
    {
      "type": "Feature",
      "geometry": {
        "type": "Point",
        "coordinates": [
          76.7787227,
          30.7326894
        ]
      },
      "properties": {
        "direction_id": "r16508426",
        "route_id": "30B",
        "sequence": 8,
        "osm_node_id": 11147476433,
        "name": null,
        "footfall_prior": 0.0
      }
    },
    {
      "type": "Feature",
      "geometry": {
        "type": "Point",
        "coordinates": [
          76.7426917,
          30.7163272
        ]
      },
      "properties": {
        "direction_id": "r16508426",
        "route_id": "30B",
        "sequence": 9,
        "osm_node_id": 1425480419,
        "name": "ISBT",
        "footfall_prior": 0.0
      }
    },
    {
      "type": "Feature",
      "geometry": {
        "type": "Point",
        "coordinates": [
          76.7433637,
          30.7171785
        ]
      },
      "properties": {
        "direction_id": "r16508426",
        "route_id": "30B",
        "sequence": 10,
        "osm_node_id": 28845205,
        "name": "CTU Local Bus Station 43",
        "footfall_prior": 0.0
      }
    },
    {
      "type": "Feature",
      "geometry": {
        "type": "Point",
        "coordinates": [
          76.7504965,
          30.7153735
        ]
      },
      "properties": {
        "direction_id": "r16508427",
        "route_id": "30B",
        "sequence": 0,
        "osm_node_id": 4306384689,
        "name": "Sector 43-44 road",
        "footfall_prior": 0.0
      }
    },
    {
      "type": "Feature",
      "geometry": {
        "type": "Point",
        "coordinates": [
          76.7787227,
          30.7326894
        ]
      },
      "properties": {
        "direction_id": "r16508427",
        "route_id": "30B",
        "sequence": 1,
        "osm_node_id": 11147476433,
        "name": null,
        "footfall_prior": 0.0
      }
    },
    {
      "type": "Feature",
      "geometry": {
        "type": "Point",
        "coordinates": [
          76.8058122,
          30.722752
        ]
      },
      "properties": {
        "direction_id": "r16508427",
        "route_id": "30B",
        "sequence": 2,
        "osm_node_id": 11364089920,
        "name": null,
        "footfall_prior": 0.0
      }
    },
    {
      "type": "Feature",
      "geometry": {
        "type": "Point",
        "coordinates": [
          76.8074116,
          30.722668
        ]
      },
      "properties": {
        "direction_id": "r16508427",
        "route_id": "30B",
        "sequence": 3,
        "osm_node_id": 11335525458,
        "name": null,
        "footfall_prior": 0.0
      }
    },
    {
      "type": "Feature",
      "geometry": {
        "type": "Point",
        "coordinates": [
          76.8135477,
          30.7170531
        ]
      },
      "properties": {
        "direction_id": "r16508427",
        "route_id": "30B",
        "sequence": 4,
        "osm_node_id": 11230148264,
        "name": null,
        "footfall_prior": 0.0
      }
    },
    {
      "type": "Feature",
      "geometry": {
        "type": "Point",
        "coordinates": [
          76.8227532,
          30.7123935
        ]
      },
      "properties": {
        "direction_id": "r16508427",
        "route_id": "30B",
        "sequence": 5,
        "osm_node_id": 11230165511,
        "name": null,
        "footfall_prior": 0.0
      }
    },
    {
      "type": "Feature",
      "geometry": {
        "type": "Point",
        "coordinates": [
          76.8296565,
          30.7091315
        ]
      },
      "properties": {
        "direction_id": "r16508427",
        "route_id": "30B",
        "sequence": 6,
        "osm_node_id": 11230163714,
        "name": null,
        "footfall_prior": 0.0
      }
    },
    {
      "type": "Feature",
      "geometry": {
        "type": "Point",
        "coordinates": [
          76.8360406,
          30.7076089
        ]
      },
      "properties": {
        "direction_id": "r16508427",
        "route_id": "30B",
        "sequence": 7,
        "osm_node_id": 10000240246,
        "name": "Housing Board Chowk",
        "footfall_prior": 0.0
      }
    },
    {
      "type": "Feature",
      "geometry": {
        "type": "Point",
        "coordinates": [
          76.8378215,
          30.7073014
        ]
      },
      "properties": {
        "direction_id": "r16508427",
        "route_id": "30B",
        "sequence": 8,
        "osm_node_id": 11230226204,
        "name": null,
        "footfall_prior": 0.0
      }
    },
    {
      "type": "Feature",
      "geometry": {
        "type": "Point",
        "coordinates": [
          76.8396419,
          30.6993739
        ]
      },
      "properties": {
        "direction_id": "r16508427",
        "route_id": "30B",
        "sequence": 9,
        "osm_node_id": 10050998634,
        "name": "Sector 8-17",
        "footfall_prior": 0.0
      }
    },
    {
      "type": "Feature",
      "geometry": {
        "type": "Point",
        "coordinates": [
          76.8391663,
          30.7090224
        ]
      },
      "properties": {
        "direction_id": "r16508686",
        "route_id": "32",
        "sequence": 0,
        "osm_node_id": 11148076756,
        "name": null,
        "footfall_prior": 0.0
      }
    },
    {
      "type": "Feature",
      "geometry": {
        "type": "Point",
        "coordinates": [
          76.8360406,
          30.7076089
        ]
      },
      "properties": {
        "direction_id": "r16508686",
        "route_id": "32",
        "sequence": 1,
        "osm_node_id": 10000240246,
        "name": "Housing Board Chowk",
        "footfall_prior": 0.0
      }
    },
    {
      "type": "Feature",
      "geometry": {
        "type": "Point",
        "coordinates": [
          76.8296565,
          30.7091315
        ]
      },
      "properties": {
        "direction_id": "r16508686",
        "route_id": "32",
        "sequence": 2,
        "osm_node_id": 11230163714,
        "name": null,
        "footfall_prior": 0.0
      }
    },
    {
      "type": "Feature",
      "geometry": {
        "type": "Point",
        "coordinates": [
          76.8227532,
          30.7123935
        ]
      },
      "properties": {
        "direction_id": "r16508686",
        "route_id": "32",
        "sequence": 3,
        "osm_node_id": 11230165511,
        "name": null,
        "footfall_prior": 0.0
      }
    },
    {
      "type": "Feature",
      "geometry": {
        "type": "Point",
        "coordinates": [
          76.8135477,
          30.7170531
        ]
      },
      "properties": {
        "direction_id": "r16508686",
        "route_id": "32",
        "sequence": 4,
        "osm_node_id": 11230148264,
        "name": null,
        "footfall_prior": 0.0
      }
    },
    {
      "type": "Feature",
      "geometry": {
        "type": "Point",
        "coordinates": [
          76.8074116,
          30.722668
        ]
      },
      "properties": {
        "direction_id": "r16508686",
        "route_id": "32",
        "sequence": 5,
        "osm_node_id": 11335525458,
        "name": null,
        "footfall_prior": 0.0
      }
    },
    {
      "type": "Feature",
      "geometry": {
        "type": "Point",
        "coordinates": [
          76.8035954,
          30.7269827
        ]
      },
      "properties": {
        "direction_id": "r16508686",
        "route_id": "32",
        "sequence": 6,
        "osm_node_id": 11335525457,
        "name": null,
        "footfall_prior": 0.0
      }
    },
    {
      "type": "Feature",
      "geometry": {
        "type": "Point",
        "coordinates": [
          76.7940228,
          30.7368248
        ]
      },
      "properties": {
        "direction_id": "r16508686",
        "route_id": "32",
        "sequence": 7,
        "osm_node_id": 6970853271,
        "name": null,
        "footfall_prior": 0.0
      }
    },
    {
      "type": "Feature",
      "geometry": {
        "type": "Point",
        "coordinates": [
          76.7927769,
          30.7386127
        ]
      },
      "properties": {
        "direction_id": "r16508686",
        "route_id": "32",
        "sequence": 8,
        "osm_node_id": 11335525459,
        "name": null,
        "footfall_prior": 0.0
      }
    },
    {
      "type": "Feature",
      "geometry": {
        "type": "Point",
        "coordinates": [
          76.7752879,
          30.7600181
        ]
      },
      "properties": {
        "direction_id": "r16508686",
        "route_id": "32",
        "sequence": 9,
        "osm_node_id": 11053559568,
        "name": "PGI",
        "footfall_prior": 0.0
      }
    },
    {
      "type": "Feature",
      "geometry": {
        "type": "Point",
        "coordinates": [
          76.7752879,
          30.7600181
        ]
      },
      "properties": {
        "direction_id": "r16508687",
        "route_id": "32",
        "sequence": 0,
        "osm_node_id": 11053559568,
        "name": "PGI",
        "footfall_prior": 0.0
      }
    },
    {
      "type": "Feature",
      "geometry": {
        "type": "Point",
        "coordinates": [
          76.7927769,
          30.7386127
        ]
      },
      "properties": {
        "direction_id": "r16508687",
        "route_id": "32",
        "sequence": 1,
        "osm_node_id": 11335525459,
        "name": null,
        "footfall_prior": 0.0
      }
    },
    {
      "type": "Feature",
      "geometry": {
        "type": "Point",
        "coordinates": [
          76.7940228,
          30.7368248
        ]
      },
      "properties": {
        "direction_id": "r16508687",
        "route_id": "32",
        "sequence": 2,
        "osm_node_id": 6970853271,
        "name": null,
        "footfall_prior": 0.0
      }
    },
    {
      "type": "Feature",
      "geometry": {
        "type": "Point",
        "coordinates": [
          76.8035954,
          30.7269827
        ]
      },
      "properties": {
        "direction_id": "r16508687",
        "route_id": "32",
        "sequence": 3,
        "osm_node_id": 11335525457,
        "name": null,
        "footfall_prior": 0.0
      }
    },
    {
      "type": "Feature",
      "geometry": {
        "type": "Point",
        "coordinates": [
          76.8074116,
          30.722668
        ]
      },
      "properties": {
        "direction_id": "r16508687",
        "route_id": "32",
        "sequence": 4,
        "osm_node_id": 11335525458,
        "name": null,
        "footfall_prior": 0.0
      }
    },
    {
      "type": "Feature",
      "geometry": {
        "type": "Point",
        "coordinates": [
          76.8135477,
          30.7170531
        ]
      },
      "properties": {
        "direction_id": "r16508687",
        "route_id": "32",
        "sequence": 5,
        "osm_node_id": 11230148264,
        "name": null,
        "footfall_prior": 0.0
      }
    },
    {
      "type": "Feature",
      "geometry": {
        "type": "Point",
        "coordinates": [
          76.8190972,
          30.702824
        ]
      },
      "properties": {
        "direction_id": "r16508687",
        "route_id": "32",
        "sequence": 6,
        "osm_node_id": 2914440106,
        "name": "Chandigarh Railway Station",
        "footfall_prior": 0.0
      }
    },
    {
      "type": "Feature",
      "geometry": {
        "type": "Point",
        "coordinates": [
          76.8227532,
          30.7123935
        ]
      },
      "properties": {
        "direction_id": "r16508687",
        "route_id": "32",
        "sequence": 7,
        "osm_node_id": 11230165511,
        "name": null,
        "footfall_prior": 0.0
      }
    },
    {
      "type": "Feature",
      "geometry": {
        "type": "Point",
        "coordinates": [
          76.8296565,
          30.7091315
        ]
      },
      "properties": {
        "direction_id": "r16508687",
        "route_id": "32",
        "sequence": 8,
        "osm_node_id": 11230163714,
        "name": null,
        "footfall_prior": 0.0
      }
    },
    {
      "type": "Feature",
      "geometry": {
        "type": "Point",
        "coordinates": [
          76.8360406,
          30.7076089
        ]
      },
      "properties": {
        "direction_id": "r16508687",
        "route_id": "32",
        "sequence": 9,
        "osm_node_id": 10000240246,
        "name": "Housing Board Chowk",
        "footfall_prior": 0.0
      }
    },
    {
      "type": "Feature",
      "geometry": {
        "type": "Point",
        "coordinates": [
          76.8390732,
          30.7092765
        ]
      },
      "properties": {
        "direction_id": "r16508687",
        "route_id": "32",
        "sequence": 10,
        "osm_node_id": 10744858599,
        "name": null,
        "footfall_prior": 0.0
      }
    },
    {
      "type": "Feature",
      "geometry": {
        "type": "Point",
        "coordinates": [
          76.8394271,
          30.6992887
        ]
      },
      "properties": {
        "direction_id": "r16509592",
        "route_id": "32B",
        "sequence": 0,
        "osm_node_id": 10050939906,
        "name": "Sector 17-8",
        "footfall_prior": 0.0
      }
    },
    {
      "type": "Feature",
      "geometry": {
        "type": "Point",
        "coordinates": [
          76.8378215,
          30.7073014
        ]
      },
      "properties": {
        "direction_id": "r16509592",
        "route_id": "32B",
        "sequence": 1,
        "osm_node_id": 11230226204,
        "name": null,
        "footfall_prior": 0.0
      }
    },
    {
      "type": "Feature",
      "geometry": {
        "type": "Point",
        "coordinates": [
          76.8360406,
          30.7076089
        ]
      },
      "properties": {
        "direction_id": "r16509592",
        "route_id": "32B",
        "sequence": 2,
        "osm_node_id": 10000240246,
        "name": "Housing Board Chowk",
        "footfall_prior": 0.0
      }
    },
    {
      "type": "Feature",
      "geometry": {
        "type": "Point",
        "coordinates": [
          76.8296565,
          30.7091315
        ]
      },
      "properties": {
        "direction_id": "r16509592",
        "route_id": "32B",
        "sequence": 3,
        "osm_node_id": 11230163714,
        "name": null,
        "footfall_prior": 0.0
      }
    },
    {
      "type": "Feature",
      "geometry": {
        "type": "Point",
        "coordinates": [
          76.8227532,
          30.7123935
        ]
      },
      "properties": {
        "direction_id": "r16509592",
        "route_id": "32B",
        "sequence": 4,
        "osm_node_id": 11230165511,
        "name": null,
        "footfall_prior": 0.0
      }
    },
    {
      "type": "Feature",
      "geometry": {
        "type": "Point",
        "coordinates": [
          76.8190972,
          30.702824
        ]
      },
      "properties": {
        "direction_id": "r16509592",
        "route_id": "32B",
        "sequence": 5,
        "osm_node_id": 2914440106,
        "name": "Chandigarh Railway Station",
        "footfall_prior": 0.0
      }
    },
    {
      "type": "Feature",
      "geometry": {
        "type": "Point",
        "coordinates": [
          76.8135477,
          30.7170531
        ]
      },
      "properties": {
        "direction_id": "r16509592",
        "route_id": "32B",
        "sequence": 6,
        "osm_node_id": 11230148264,
        "name": null,
        "footfall_prior": 0.0
      }
    },
    {
      "type": "Feature",
      "geometry": {
        "type": "Point",
        "coordinates": [
          76.8074116,
          30.722668
        ]
      },
      "properties": {
        "direction_id": "r16509592",
        "route_id": "32B",
        "sequence": 7,
        "osm_node_id": 11335525458,
        "name": null,
        "footfall_prior": 0.0
      }
    },
    {
      "type": "Feature",
      "geometry": {
        "type": "Point",
        "coordinates": [
          76.8035954,
          30.7269827
        ]
      },
      "properties": {
        "direction_id": "r16509592",
        "route_id": "32B",
        "sequence": 8,
        "osm_node_id": 11335525457,
        "name": null,
        "footfall_prior": 0.0
      }
    },
    {
      "type": "Feature",
      "geometry": {
        "type": "Point",
        "coordinates": [
          76.7940228,
          30.7368248
        ]
      },
      "properties": {
        "direction_id": "r16509592",
        "route_id": "32B",
        "sequence": 9,
        "osm_node_id": 6970853271,
        "name": null,
        "footfall_prior": 0.0
      }
    },
    {
      "type": "Feature",
      "geometry": {
        "type": "Point",
        "coordinates": [
          76.7927769,
          30.7386127
        ]
      },
      "properties": {
        "direction_id": "r16509592",
        "route_id": "32B",
        "sequence": 10,
        "osm_node_id": 11335525459,
        "name": null,
        "footfall_prior": 0.0
      }
    },
    {
      "type": "Feature",
      "geometry": {
        "type": "Point",
        "coordinates": [
          76.7752879,
          30.7600181
        ]
      },
      "properties": {
        "direction_id": "r16509592",
        "route_id": "32B",
        "sequence": 11,
        "osm_node_id": 11053559568,
        "name": "PGI",
        "footfall_prior": 0.0
      }
    },
    {
      "type": "Feature",
      "geometry": {
        "type": "Point",
        "coordinates": [
          76.7752879,
          30.7600181
        ]
      },
      "properties": {
        "direction_id": "r16509593",
        "route_id": "32B",
        "sequence": 0,
        "osm_node_id": 11053559568,
        "name": "PGI",
        "footfall_prior": 0.0
      }
    },
    {
      "type": "Feature",
      "geometry": {
        "type": "Point",
        "coordinates": [
          76.7927769,
          30.7386127
        ]
      },
      "properties": {
        "direction_id": "r16509593",
        "route_id": "32B",
        "sequence": 1,
        "osm_node_id": 11335525459,
        "name": null,
        "footfall_prior": 0.0
      }
    },
    {
      "type": "Feature",
      "geometry": {
        "type": "Point",
        "coordinates": [
          76.7940228,
          30.7368248
        ]
      },
      "properties": {
        "direction_id": "r16509593",
        "route_id": "32B",
        "sequence": 2,
        "osm_node_id": 6970853271,
        "name": null,
        "footfall_prior": 0.0
      }
    },
    {
      "type": "Feature",
      "geometry": {
        "type": "Point",
        "coordinates": [
          76.8035954,
          30.7269827
        ]
      },
      "properties": {
        "direction_id": "r16509593",
        "route_id": "32B",
        "sequence": 3,
        "osm_node_id": 11335525457,
        "name": null,
        "footfall_prior": 0.0
      }
    },
    {
      "type": "Feature",
      "geometry": {
        "type": "Point",
        "coordinates": [
          76.8074116,
          30.722668
        ]
      },
      "properties": {
        "direction_id": "r16509593",
        "route_id": "32B",
        "sequence": 4,
        "osm_node_id": 11335525458,
        "name": null,
        "footfall_prior": 0.0
      }
    },
    {
      "type": "Feature",
      "geometry": {
        "type": "Point",
        "coordinates": [
          76.8135477,
          30.7170531
        ]
      },
      "properties": {
        "direction_id": "r16509593",
        "route_id": "32B",
        "sequence": 5,
        "osm_node_id": 11230148264,
        "name": null,
        "footfall_prior": 0.0
      }
    },
    {
      "type": "Feature",
      "geometry": {
        "type": "Point",
        "coordinates": [
          76.8190972,
          30.702824
        ]
      },
      "properties": {
        "direction_id": "r16509593",
        "route_id": "32B",
        "sequence": 6,
        "osm_node_id": 2914440106,
        "name": "Chandigarh Railway Station",
        "footfall_prior": 0.0
      }
    },
    {
      "type": "Feature",
      "geometry": {
        "type": "Point",
        "coordinates": [
          76.8227532,
          30.7123935
        ]
      },
      "properties": {
        "direction_id": "r16509593",
        "route_id": "32B",
        "sequence": 7,
        "osm_node_id": 11230165511,
        "name": null,
        "footfall_prior": 0.0
      }
    },
    {
      "type": "Feature",
      "geometry": {
        "type": "Point",
        "coordinates": [
          76.8296565,
          30.7091315
        ]
      },
      "properties": {
        "direction_id": "r16509593",
        "route_id": "32B",
        "sequence": 8,
        "osm_node_id": 11230163714,
        "name": null,
        "footfall_prior": 0.0
      }
    },
    {
      "type": "Feature",
      "geometry": {
        "type": "Point",
        "coordinates": [
          76.8360406,
          30.7076089
        ]
      },
      "properties": {
        "direction_id": "r16509593",
        "route_id": "32B",
        "sequence": 9,
        "osm_node_id": 10000240246,
        "name": "Housing Board Chowk",
        "footfall_prior": 0.0
      }
    },
    {
      "type": "Feature",
      "geometry": {
        "type": "Point",
        "coordinates": [
          76.8378215,
          30.7073014
        ]
      },
      "properties": {
        "direction_id": "r16509593",
        "route_id": "32B",
        "sequence": 10,
        "osm_node_id": 11230226204,
        "name": null,
        "footfall_prior": 0.0
      }
    },
    {
      "type": "Feature",
      "geometry": {
        "type": "Point",
        "coordinates": [
          76.8396419,
          30.6993739
        ]
      },
      "properties": {
        "direction_id": "r16509593",
        "route_id": "32B",
        "sequence": 11,
        "osm_node_id": 10050998634,
        "name": "Sector 8-17",
        "footfall_prior": 0.0
      }
    },
    {
      "type": "Feature",
      "geometry": {
        "type": "Point",
        "coordinates": [
          76.8228259,
          30.6400682
        ]
      },
      "properties": {
        "direction_id": "r16509633",
        "route_id": "34",
        "sequence": 0,
        "osm_node_id": 12596227210,
        "name": null,
        "footfall_prior": 0.0
      }
    },
    {
      "type": "Feature",
      "geometry": {
        "type": "Point",
        "coordinates": [
          76.8225275,
          30.6407956
        ]
      },
      "properties": {
        "direction_id": "r16509633",
        "route_id": "34",
        "sequence": 1,
        "osm_node_id": 12596212878,
        "name": null,
        "footfall_prior": 0.0
      }
    },
    {
      "type": "Feature",
      "geometry": {
        "type": "Point",
        "coordinates": [
          76.7908761,
          30.7029134
        ]
      },
      "properties": {
        "direction_id": "r16509633",
        "route_id": "34",
        "sequence": 2,
        "osm_node_id": 813348337,
        "name": null,
        "footfall_prior": 0.0
      }
    },
    {
      "type": "Feature",
      "geometry": {
        "type": "Point",
        "coordinates": [
          76.7787227,
          30.7326894
        ]
      },
      "properties": {
        "direction_id": "r16509633",
        "route_id": "34",
        "sequence": 3,
        "osm_node_id": 11147476433,
        "name": null,
        "footfall_prior": 0.0
      }
    },
    {
      "type": "Feature",
      "geometry": {
        "type": "Point",
        "coordinates": [
          76.7752879,
          30.7600181
        ]
      },
      "properties": {
        "direction_id": "r16509633",
        "route_id": "34",
        "sequence": 4,
        "osm_node_id": 11053559568,
        "name": "PGI",
        "footfall_prior": 0.0
      }
    },
    {
      "type": "Feature",
      "geometry": {
        "type": "Point",
        "coordinates": [
          76.7752879,
          30.7600181
        ]
      },
      "properties": {
        "direction_id": "r16509634",
        "route_id": "34",
        "sequence": 0,
        "osm_node_id": 11053559568,
        "name": "PGI",
        "footfall_prior": 0.0
      }
    },
    {
      "type": "Feature",
      "geometry": {
        "type": "Point",
        "coordinates": [
          76.7787227,
          30.7326894
        ]
      },
      "properties": {
        "direction_id": "r16509634",
        "route_id": "34",
        "sequence": 1,
        "osm_node_id": 11147476433,
        "name": null,
        "footfall_prior": 0.0
      }
    },
    {
      "type": "Feature",
      "geometry": {
        "type": "Point",
        "coordinates": [
          76.7908761,
          30.7029134
        ]
      },
      "properties": {
        "direction_id": "r16509634",
        "route_id": "34",
        "sequence": 2,
        "osm_node_id": 813348337,
        "name": null,
        "footfall_prior": 0.0
      }
    },
    {
      "type": "Feature",
      "geometry": {
        "type": "Point",
        "coordinates": [
          76.8225275,
          30.6407956
        ]
      },
      "properties": {
        "direction_id": "r16509634",
        "route_id": "34",
        "sequence": 3,
        "osm_node_id": 12596212878,
        "name": null,
        "footfall_prior": 0.0
      }
    },
    {
      "type": "Feature",
      "geometry": {
        "type": "Point",
        "coordinates": [
          76.8228259,
          30.6400682
        ]
      },
      "properties": {
        "direction_id": "r16509634",
        "route_id": "34",
        "sequence": 4,
        "osm_node_id": 12596227210,
        "name": null,
        "footfall_prior": 0.0
      }
    },
    {
      "type": "Feature",
      "geometry": {
        "type": "Point",
        "coordinates": [
          76.7787227,
          30.7326894
        ]
      },
      "properties": {
        "direction_id": "r16512010",
        "route_id": "35",
        "sequence": 0,
        "osm_node_id": 11147476433,
        "name": null,
        "footfall_prior": 0.0
      }
    },
    {
      "type": "Feature",
      "geometry": {
        "type": "Point",
        "coordinates": [
          76.7142005,
          30.7385591
        ]
      },
      "properties": {
        "direction_id": "r16512010",
        "route_id": "35",
        "sequence": 1,
        "osm_node_id": 4461159291,
        "name": null,
        "footfall_prior": 0.0
      }
    },
    {
      "type": "Feature",
      "geometry": {
        "type": "Point",
        "coordinates": [
          76.7030775,
          30.7310902
        ]
      },
      "properties": {
        "direction_id": "r16512010",
        "route_id": "35",
        "sequence": 2,
        "osm_node_id": 13131328587,
        "name": null,
        "footfall_prior": 0.0
      }
    },
    {
      "type": "Feature",
      "geometry": {
        "type": "Point",
        "coordinates": [
          76.7142005,
          30.7385591
        ]
      },
      "properties": {
        "direction_id": "r16512060",
        "route_id": "35",
        "sequence": 0,
        "osm_node_id": 4461159291,
        "name": null,
        "footfall_prior": 0.0
      }
    },
    {
      "type": "Feature",
      "geometry": {
        "type": "Point",
        "coordinates": [
          76.7309045,
          30.731528
        ]
      },
      "properties": {
        "direction_id": "r16512060",
        "route_id": "35",
        "sequence": 1,
        "osm_node_id": 4461158789,
        "name": null,
        "footfall_prior": 0.0
      }
    },
    {
      "type": "Feature",
      "geometry": {
        "type": "Point",
        "coordinates": [
          76.7787227,
          30.7326894
        ]
      },
      "properties": {
        "direction_id": "r16512060",
        "route_id": "35",
        "sequence": 2,
        "osm_node_id": 11147476433,
        "name": null,
        "footfall_prior": 0.0
      }
    },
    {
      "type": "Feature",
      "geometry": {
        "type": "Point",
        "coordinates": [
          76.7142005,
          30.7385591
        ]
      },
      "properties": {
        "direction_id": "r16512121",
        "route_id": "35A",
        "sequence": 0,
        "osm_node_id": 4461159291,
        "name": null,
        "footfall_prior": 0.0
      }
    },
    {
      "type": "Feature",
      "geometry": {
        "type": "Point",
        "coordinates": [
          76.7309045,
          30.731528
        ]
      },
      "properties": {
        "direction_id": "r16512121",
        "route_id": "35A",
        "sequence": 1,
        "osm_node_id": 4461158789,
        "name": null,
        "footfall_prior": 0.0
      }
    },
    {
      "type": "Feature",
      "geometry": {
        "type": "Point",
        "coordinates": [
          76.7473814,
          30.7413227
        ]
      },
      "properties": {
        "direction_id": "r16512121",
        "route_id": "35A",
        "sequence": 2,
        "osm_node_id": 11053544182,
        "name": "38/37 Bus Stop",
        "footfall_prior": 0.0
      }
    },
    {
      "type": "Feature",
      "geometry": {
        "type": "Point",
        "coordinates": [
          76.74869,
          30.741869
        ]
      },
      "properties": {
        "direction_id": "r16512121",
        "route_id": "35A",
        "sequence": 3,
        "osm_node_id": 11053565187,
        "name": "37/38 Bus Stop",
        "footfall_prior": 0.0
      }
    },
    {
      "type": "Feature",
      "geometry": {
        "type": "Point",
        "coordinates": [
          76.7752879,
          30.7600181
        ]
      },
      "properties": {
        "direction_id": "r16512121",
        "route_id": "35A",
        "sequence": 4,
        "osm_node_id": 11053559568,
        "name": "PGI",
        "footfall_prior": 0.0
      }
    },
    {
      "type": "Feature",
      "geometry": {
        "type": "Point",
        "coordinates": [
          76.7752879,
          30.7600181
        ]
      },
      "properties": {
        "direction_id": "r16512122",
        "route_id": "35A",
        "sequence": 0,
        "osm_node_id": 11053559568,
        "name": "PGI",
        "footfall_prior": 0.0
      }
    },
    {
      "type": "Feature",
      "geometry": {
        "type": "Point",
        "coordinates": [
          76.74869,
          30.741869
        ]
      },
      "properties": {
        "direction_id": "r16512122",
        "route_id": "35A",
        "sequence": 1,
        "osm_node_id": 11053565187,
        "name": "37/38 Bus Stop",
        "footfall_prior": 0.0
      }
    },
    {
      "type": "Feature",
      "geometry": {
        "type": "Point",
        "coordinates": [
          76.7473814,
          30.7413227
        ]
      },
      "properties": {
        "direction_id": "r16512122",
        "route_id": "35A",
        "sequence": 2,
        "osm_node_id": 11053544182,
        "name": "38/37 Bus Stop",
        "footfall_prior": 0.0
      }
    },
    {
      "type": "Feature",
      "geometry": {
        "type": "Point",
        "coordinates": [
          76.7142005,
          30.7385591
        ]
      },
      "properties": {
        "direction_id": "r16512122",
        "route_id": "35A",
        "sequence": 3,
        "osm_node_id": 4461159291,
        "name": null,
        "footfall_prior": 0.0
      }
    },
    {
      "type": "Feature",
      "geometry": {
        "type": "Point",
        "coordinates": [
          76.7030775,
          30.7310902
        ]
      },
      "properties": {
        "direction_id": "r16512122",
        "route_id": "35A",
        "sequence": 4,
        "osm_node_id": 13131328587,
        "name": null,
        "footfall_prior": 0.0
      }
    },
    {
      "type": "Feature",
      "geometry": {
        "type": "Point",
        "coordinates": [
          76.7142005,
          30.7385591
        ]
      },
      "properties": {
        "direction_id": "r16512134",
        "route_id": "35B",
        "sequence": 0,
        "osm_node_id": 4461159291,
        "name": null,
        "footfall_prior": 0.0
      }
    },
    {
      "type": "Feature",
      "geometry": {
        "type": "Point",
        "coordinates": [
          76.7309045,
          30.731528
        ]
      },
      "properties": {
        "direction_id": "r16512134",
        "route_id": "35B",
        "sequence": 1,
        "osm_node_id": 4461158789,
        "name": null,
        "footfall_prior": 0.0
      }
    },
    {
      "type": "Feature",
      "geometry": {
        "type": "Point",
        "coordinates": [
          76.7426917,
          30.7163272
        ]
      },
      "properties": {
        "direction_id": "r16512134",
        "route_id": "35B",
        "sequence": 2,
        "osm_node_id": 1425480419,
        "name": "ISBT",
        "footfall_prior": 0.0
      }
    },
    {
      "type": "Feature",
      "geometry": {
        "type": "Point",
        "coordinates": [
          76.7433637,
          30.7171785
        ]
      },
      "properties": {
        "direction_id": "r16512134",
        "route_id": "35B",
        "sequence": 3,
        "osm_node_id": 28845205,
        "name": "CTU Local Bus Station 43",
        "footfall_prior": 0.0
      }
    },
    {
      "type": "Feature",
      "geometry": {
        "type": "Point",
        "coordinates": [
          76.7504965,
          30.7153735
        ]
      },
      "properties": {
        "direction_id": "r16512134",
        "route_id": "35B",
        "sequence": 4,
        "osm_node_id": 4306384689,
        "name": "Sector 43-44 road",
        "footfall_prior": 0.0
      }
    },
    {
      "type": "Feature",
      "geometry": {
        "type": "Point",
        "coordinates": [
          76.7787227,
          30.7326894
        ]
      },
      "properties": {
        "direction_id": "r16512134",
        "route_id": "35B",
        "sequence": 5,
        "osm_node_id": 11147476433,
        "name": null,
        "footfall_prior": 0.0
      }
    },
    {
      "type": "Feature",
      "geometry": {
        "type": "Point",
        "coordinates": [
          76.7787227,
          30.7326894
        ]
      },
      "properties": {
        "direction_id": "r16512135",
        "route_id": "35B",
        "sequence": 0,
        "osm_node_id": 11147476433,
        "name": null,
        "footfall_prior": 0.0
      }
    },
    {
      "type": "Feature",
      "geometry": {
        "type": "Point",
        "coordinates": [
          76.7433637,
          30.7171785
        ]
      },
      "properties": {
        "direction_id": "r16512135",
        "route_id": "35B",
        "sequence": 1,
        "osm_node_id": 28845205,
        "name": "CTU Local Bus Station 43",
        "footfall_prior": 0.0
      }
    },
    {
      "type": "Feature",
      "geometry": {
        "type": "Point",
        "coordinates": [
          76.7426917,
          30.7163272
        ]
      },
      "properties": {
        "direction_id": "r16512135",
        "route_id": "35B",
        "sequence": 2,
        "osm_node_id": 1425480419,
        "name": "ISBT",
        "footfall_prior": 0.0
      }
    },
    {
      "type": "Feature",
      "geometry": {
        "type": "Point",
        "coordinates": [
          76.7142005,
          30.7385591
        ]
      },
      "properties": {
        "direction_id": "r16512135",
        "route_id": "35B",
        "sequence": 3,
        "osm_node_id": 4461159291,
        "name": null,
        "footfall_prior": 0.0
      }
    },
    {
      "type": "Feature",
      "geometry": {
        "type": "Point",
        "coordinates": [
          76.7030775,
          30.7310902
        ]
      },
      "properties": {
        "direction_id": "r16512135",
        "route_id": "35B",
        "sequence": 4,
        "osm_node_id": 13131328587,
        "name": null,
        "footfall_prior": 0.0
      }
    },
    {
      "type": "Feature",
      "geometry": {
        "type": "Point",
        "coordinates": [
          76.7752879,
          30.7600181
        ]
      },
      "properties": {
        "direction_id": "r16513790",
        "route_id": "38",
        "sequence": 0,
        "osm_node_id": 11053559568,
        "name": "PGI",
        "footfall_prior": 0.0
      }
    },
    {
      "type": "Feature",
      "geometry": {
        "type": "Point",
        "coordinates": [
          76.7426917,
          30.7163272
        ]
      },
      "properties": {
        "direction_id": "r16513790",
        "route_id": "38",
        "sequence": 1,
        "osm_node_id": 1425480419,
        "name": "ISBT",
        "footfall_prior": 0.0
      }
    },
    {
      "type": "Feature",
      "geometry": {
        "type": "Point",
        "coordinates": [
          76.7433637,
          30.7171785
        ]
      },
      "properties": {
        "direction_id": "r16513790",
        "route_id": "38",
        "sequence": 2,
        "osm_node_id": 28845205,
        "name": "CTU Local Bus Station 43",
        "footfall_prior": 0.0
      }
    },
    {
      "type": "Feature",
      "geometry": {
        "type": "Point",
        "coordinates": [
          76.7426917,
          30.7163272
        ]
      },
      "properties": {
        "direction_id": "r16514043",
        "route_id": "38",
        "sequence": 0,
        "osm_node_id": 1425480419,
        "name": "ISBT",
        "footfall_prior": 0.0
      }
    },
    {
      "type": "Feature",
      "geometry": {
        "type": "Point",
        "coordinates": [
          76.7433637,
          30.7171785
        ]
      },
      "properties": {
        "direction_id": "r16514043",
        "route_id": "38",
        "sequence": 1,
        "osm_node_id": 28845205,
        "name": "CTU Local Bus Station 43",
        "footfall_prior": 0.0
      }
    },
    {
      "type": "Feature",
      "geometry": {
        "type": "Point",
        "coordinates": [
          76.7504965,
          30.7153735
        ]
      },
      "properties": {
        "direction_id": "r16514043",
        "route_id": "38",
        "sequence": 2,
        "osm_node_id": 4306384689,
        "name": "Sector 43-44 road",
        "footfall_prior": 0.0
      }
    },
    {
      "type": "Feature",
      "geometry": {
        "type": "Point",
        "coordinates": [
          76.7752879,
          30.7600181
        ]
      },
      "properties": {
        "direction_id": "r16514043",
        "route_id": "38",
        "sequence": 3,
        "osm_node_id": 11053559568,
        "name": "PGI",
        "footfall_prior": 0.0
      }
    },
    {
      "type": "Feature",
      "geometry": {
        "type": "Point",
        "coordinates": [
          76.7116208,
          30.6904366
        ]
      },
      "properties": {
        "direction_id": "r16514100",
        "route_id": "38A",
        "sequence": 0,
        "osm_node_id": 5761967091,
        "name": "Sas Nagar",
        "footfall_prior": 0.0
      }
    },
    {
      "type": "Feature",
      "geometry": {
        "type": "Point",
        "coordinates": [
          76.7426917,
          30.7163272
        ]
      },
      "properties": {
        "direction_id": "r16514100",
        "route_id": "38A",
        "sequence": 1,
        "osm_node_id": 1425480419,
        "name": "ISBT",
        "footfall_prior": 0.0
      }
    },
    {
      "type": "Feature",
      "geometry": {
        "type": "Point",
        "coordinates": [
          76.7433637,
          30.7171785
        ]
      },
      "properties": {
        "direction_id": "r16514100",
        "route_id": "38A",
        "sequence": 2,
        "osm_node_id": 28845205,
        "name": "CTU Local Bus Station 43",
        "footfall_prior": 0.0
      }
    },
    {
      "type": "Feature",
      "geometry": {
        "type": "Point",
        "coordinates": [
          76.7504965,
          30.7153735
        ]
      },
      "properties": {
        "direction_id": "r16514100",
        "route_id": "38A",
        "sequence": 3,
        "osm_node_id": 4306384689,
        "name": "Sector 43-44 road",
        "footfall_prior": 0.0
      }
    },
    {
      "type": "Feature",
      "geometry": {
        "type": "Point",
        "coordinates": [
          76.7752879,
          30.7600181
        ]
      },
      "properties": {
        "direction_id": "r16514100",
        "route_id": "38A",
        "sequence": 4,
        "osm_node_id": 11053559568,
        "name": "PGI",
        "footfall_prior": 0.0
      }
    },
    {
      "type": "Feature",
      "geometry": {
        "type": "Point",
        "coordinates": [
          76.7752879,
          30.7600181
        ]
      },
      "properties": {
        "direction_id": "r16514101",
        "route_id": "38A",
        "sequence": 0,
        "osm_node_id": 11053559568,
        "name": "PGI",
        "footfall_prior": 0.0
      }
    },
    {
      "type": "Feature",
      "geometry": {
        "type": "Point",
        "coordinates": [
          76.7426917,
          30.7163272
        ]
      },
      "properties": {
        "direction_id": "r16514101",
        "route_id": "38A",
        "sequence": 1,
        "osm_node_id": 1425480419,
        "name": "ISBT",
        "footfall_prior": 0.0
      }
    },
    {
      "type": "Feature",
      "geometry": {
        "type": "Point",
        "coordinates": [
          76.7433637,
          30.7171785
        ]
      },
      "properties": {
        "direction_id": "r16514101",
        "route_id": "38A",
        "sequence": 2,
        "osm_node_id": 28845205,
        "name": "CTU Local Bus Station 43",
        "footfall_prior": 0.0
      }
    },
    {
      "type": "Feature",
      "geometry": {
        "type": "Point",
        "coordinates": [
          76.7121523,
          30.6904159
        ]
      },
      "properties": {
        "direction_id": "r16514101",
        "route_id": "38A",
        "sequence": 3,
        "osm_node_id": 9857905217,
        "name": null,
        "footfall_prior": 0.0
      }
    },
    {
      "type": "Feature",
      "geometry": {
        "type": "Point",
        "coordinates": [
          76.7752879,
          30.7600181
        ]
      },
      "properties": {
        "direction_id": "r16514262",
        "route_id": "39",
        "sequence": 0,
        "osm_node_id": 11053559568,
        "name": "PGI",
        "footfall_prior": 0.0
      }
    },
    {
      "type": "Feature",
      "geometry": {
        "type": "Point",
        "coordinates": [
          76.7426917,
          30.7163272
        ]
      },
      "properties": {
        "direction_id": "r16514262",
        "route_id": "39",
        "sequence": 1,
        "osm_node_id": 1425480419,
        "name": "ISBT",
        "footfall_prior": 0.0
      }
    },
    {
      "type": "Feature",
      "geometry": {
        "type": "Point",
        "coordinates": [
          76.7433637,
          30.7171785
        ]
      },
      "properties": {
        "direction_id": "r16514262",
        "route_id": "39",
        "sequence": 2,
        "osm_node_id": 28845205,
        "name": "CTU Local Bus Station 43",
        "footfall_prior": 0.0
      }
    },
    {
      "type": "Feature",
      "geometry": {
        "type": "Point",
        "coordinates": [
          76.7426917,
          30.7163272
        ]
      },
      "properties": {
        "direction_id": "r16516440",
        "route_id": "39",
        "sequence": 0,
        "osm_node_id": 1425480419,
        "name": "ISBT",
        "footfall_prior": 0.0
      }
    },
    {
      "type": "Feature",
      "geometry": {
        "type": "Point",
        "coordinates": [
          76.7433637,
          30.7171785
        ]
      },
      "properties": {
        "direction_id": "r16516440",
        "route_id": "39",
        "sequence": 1,
        "osm_node_id": 28845205,
        "name": "CTU Local Bus Station 43",
        "footfall_prior": 0.0
      }
    },
    {
      "type": "Feature",
      "geometry": {
        "type": "Point",
        "coordinates": [
          76.7504965,
          30.7153735
        ]
      },
      "properties": {
        "direction_id": "r16516440",
        "route_id": "39",
        "sequence": 2,
        "osm_node_id": 4306384689,
        "name": "Sector 43-44 road",
        "footfall_prior": 0.0
      }
    },
    {
      "type": "Feature",
      "geometry": {
        "type": "Point",
        "coordinates": [
          76.7752879,
          30.7600181
        ]
      },
      "properties": {
        "direction_id": "r16516440",
        "route_id": "39",
        "sequence": 3,
        "osm_node_id": 11053559568,
        "name": "PGI",
        "footfall_prior": 0.0
      }
    },
    {
      "type": "Feature",
      "geometry": {
        "type": "Point",
        "coordinates": [
          76.8227532,
          30.7123935
        ]
      },
      "properties": {
        "direction_id": "r16516479",
        "route_id": "71",
        "sequence": 0,
        "osm_node_id": 11230165511,
        "name": null,
        "footfall_prior": 0.0
      }
    },
    {
      "type": "Feature",
      "geometry": {
        "type": "Point",
        "coordinates": [
          76.8135477,
          30.7170531
        ]
      },
      "properties": {
        "direction_id": "r16516479",
        "route_id": "71",
        "sequence": 1,
        "osm_node_id": 11230148264,
        "name": null,
        "footfall_prior": 0.0
      }
    },
    {
      "type": "Feature",
      "geometry": {
        "type": "Point",
        "coordinates": [
          76.8074116,
          30.722668
        ]
      },
      "properties": {
        "direction_id": "r16516479",
        "route_id": "71",
        "sequence": 2,
        "osm_node_id": 11335525458,
        "name": null,
        "footfall_prior": 0.0
      }
    },
    {
      "type": "Feature",
      "geometry": {
        "type": "Point",
        "coordinates": [
          76.8058122,
          30.722752
        ]
      },
      "properties": {
        "direction_id": "r16516479",
        "route_id": "71",
        "sequence": 3,
        "osm_node_id": 11364089920,
        "name": null,
        "footfall_prior": 0.0
      }
    },
    {
      "type": "Feature",
      "geometry": {
        "type": "Point",
        "coordinates": [
          76.7660614,
          30.7247451
        ]
      },
      "properties": {
        "direction_id": "r16516479",
        "route_id": "71",
        "sequence": 4,
        "osm_node_id": 1041047045,
        "name": "Bus Stop, Sector 34-A",
        "footfall_prior": 0.0
      }
    },
    {
      "type": "Feature",
      "geometry": {
        "type": "Point",
        "coordinates": [
          76.7426917,
          30.7163272
        ]
      },
      "properties": {
        "direction_id": "r16516479",
        "route_id": "71",
        "sequence": 5,
        "osm_node_id": 1425480419,
        "name": "ISBT",
        "footfall_prior": 0.0
      }
    },
    {
      "type": "Feature",
      "geometry": {
        "type": "Point",
        "coordinates": [
          76.7433637,
          30.7171785
        ]
      },
      "properties": {
        "direction_id": "r16516479",
        "route_id": "71",
        "sequence": 6,
        "osm_node_id": 28845205,
        "name": "CTU Local Bus Station 43",
        "footfall_prior": 0.0
      }
    },
    {
      "type": "Feature",
      "geometry": {
        "type": "Point",
        "coordinates": [
          76.7504965,
          30.7153735
        ]
      },
      "properties": {
        "direction_id": "r16516480",
        "route_id": "71",
        "sequence": 0,
        "osm_node_id": 4306384689,
        "name": "Sector 43-44 road",
        "footfall_prior": 0.0
      }
    },
    {
      "type": "Feature",
      "geometry": {
        "type": "Point",
        "coordinates": [
          76.7660614,
          30.7247451
        ]
      },
      "properties": {
        "direction_id": "r16516480",
        "route_id": "71",
        "sequence": 1,
        "osm_node_id": 1041047045,
        "name": "Bus Stop, Sector 34-A",
        "footfall_prior": 0.0
      }
    },
    {
      "type": "Feature",
      "geometry": {
        "type": "Point",
        "coordinates": [
          76.8058122,
          30.722752
        ]
      },
      "properties": {
        "direction_id": "r16516480",
        "route_id": "71",
        "sequence": 2,
        "osm_node_id": 11364089920,
        "name": null,
        "footfall_prior": 0.0
      }
    },
    {
      "type": "Feature",
      "geometry": {
        "type": "Point",
        "coordinates": [
          76.8074116,
          30.722668
        ]
      },
      "properties": {
        "direction_id": "r16516480",
        "route_id": "71",
        "sequence": 3,
        "osm_node_id": 11335525458,
        "name": null,
        "footfall_prior": 0.0
      }
    },
    {
      "type": "Feature",
      "geometry": {
        "type": "Point",
        "coordinates": [
          76.8135477,
          30.7170531
        ]
      },
      "properties": {
        "direction_id": "r16516480",
        "route_id": "71",
        "sequence": 4,
        "osm_node_id": 11230148264,
        "name": null,
        "footfall_prior": 0.0
      }
    },
    {
      "type": "Feature",
      "geometry": {
        "type": "Point",
        "coordinates": [
          76.8227532,
          30.7123935
        ]
      },
      "properties": {
        "direction_id": "r16516480",
        "route_id": "71",
        "sequence": 5,
        "osm_node_id": 11230165511,
        "name": null,
        "footfall_prior": 0.0
      }
    },
    {
      "type": "Feature",
      "geometry": {
        "type": "Point",
        "coordinates": [
          76.7908761,
          30.7029134
        ]
      },
      "properties": {
        "direction_id": "r16517246",
        "route_id": "79",
        "sequence": 0,
        "osm_node_id": 813348337,
        "name": null,
        "footfall_prior": 0.0
      }
    },
    {
      "type": "Feature",
      "geometry": {
        "type": "Point",
        "coordinates": [
          76.7787227,
          30.7326894
        ]
      },
      "properties": {
        "direction_id": "r16517246",
        "route_id": "79",
        "sequence": 1,
        "osm_node_id": 11147476433,
        "name": null,
        "footfall_prior": 0.0
      }
    },
    {
      "type": "Feature",
      "geometry": {
        "type": "Point",
        "coordinates": [
          76.7752879,
          30.7600181
        ]
      },
      "properties": {
        "direction_id": "r16517246",
        "route_id": "79",
        "sequence": 2,
        "osm_node_id": 11053559568,
        "name": "PGI",
        "footfall_prior": 0.0
      }
    },
    {
      "type": "Feature",
      "geometry": {
        "type": "Point",
        "coordinates": [
          76.7752879,
          30.7600181
        ]
      },
      "properties": {
        "direction_id": "r16517247",
        "route_id": "79",
        "sequence": 0,
        "osm_node_id": 11053559568,
        "name": "PGI",
        "footfall_prior": 0.0
      }
    },
    {
      "type": "Feature",
      "geometry": {
        "type": "Point",
        "coordinates": [
          76.7787227,
          30.7326894
        ]
      },
      "properties": {
        "direction_id": "r16517247",
        "route_id": "79",
        "sequence": 1,
        "osm_node_id": 11147476433,
        "name": null,
        "footfall_prior": 0.0
      }
    },
    {
      "type": "Feature",
      "geometry": {
        "type": "Point",
        "coordinates": [
          76.7908761,
          30.7029134
        ]
      },
      "properties": {
        "direction_id": "r16517247",
        "route_id": "79",
        "sequence": 2,
        "osm_node_id": 813348337,
        "name": null,
        "footfall_prior": 0.0
      }
    },
    {
      "type": "Feature",
      "geometry": {
        "type": "Point",
        "coordinates": [
          76.7787227,
          30.7326894
        ]
      },
      "properties": {
        "direction_id": "r16517793",
        "route_id": "80",
        "sequence": 0,
        "osm_node_id": 11147476433,
        "name": null,
        "footfall_prior": 0.0
      }
    },
    {
      "type": "Feature",
      "geometry": {
        "type": "Point",
        "coordinates": [
          76.7752879,
          30.7600181
        ]
      },
      "properties": {
        "direction_id": "r16517793",
        "route_id": "80",
        "sequence": 1,
        "osm_node_id": 11053559568,
        "name": "PGI",
        "footfall_prior": 0.0
      }
    },
    {
      "type": "Feature",
      "geometry": {
        "type": "Point",
        "coordinates": [
          76.7752879,
          30.7600181
        ]
      },
      "properties": {
        "direction_id": "r16517794",
        "route_id": "80",
        "sequence": 0,
        "osm_node_id": 11053559568,
        "name": "PGI",
        "footfall_prior": 0.0
      }
    },
    {
      "type": "Feature",
      "geometry": {
        "type": "Point",
        "coordinates": [
          76.7787227,
          30.7326894
        ]
      },
      "properties": {
        "direction_id": "r16517794",
        "route_id": "80",
        "sequence": 1,
        "osm_node_id": 11147476433,
        "name": null,
        "footfall_prior": 0.0
      }
    },
    {
      "type": "Feature",
      "geometry": {
        "type": "Point",
        "coordinates": [
          76.7504965,
          30.7153735
        ]
      },
      "properties": {
        "direction_id": "r16517803",
        "route_id": "85",
        "sequence": 0,
        "osm_node_id": 4306384689,
        "name": "Sector 43-44 road",
        "footfall_prior": 0.0
      }
    },
    {
      "type": "Feature",
      "geometry": {
        "type": "Point",
        "coordinates": [
          76.7787227,
          30.7326894
        ]
      },
      "properties": {
        "direction_id": "r16517803",
        "route_id": "85",
        "sequence": 1,
        "osm_node_id": 11147476433,
        "name": null,
        "footfall_prior": 0.0
      }
    },
    {
      "type": "Feature",
      "geometry": {
        "type": "Point",
        "coordinates": [
          76.7908761,
          30.7029134
        ]
      },
      "properties": {
        "direction_id": "r16517803",
        "route_id": "85",
        "sequence": 2,
        "osm_node_id": 813348337,
        "name": null,
        "footfall_prior": 0.0
      }
    },
    {
      "type": "Feature",
      "geometry": {
        "type": "Point",
        "coordinates": [
          76.7908761,
          30.7029134
        ]
      },
      "properties": {
        "direction_id": "r16517804",
        "route_id": "85",
        "sequence": 0,
        "osm_node_id": 813348337,
        "name": null,
        "footfall_prior": 0.0
      }
    },
    {
      "type": "Feature",
      "geometry": {
        "type": "Point",
        "coordinates": [
          76.7787227,
          30.7326894
        ]
      },
      "properties": {
        "direction_id": "r16517804",
        "route_id": "85",
        "sequence": 1,
        "osm_node_id": 11147476433,
        "name": null,
        "footfall_prior": 0.0
      }
    },
    {
      "type": "Feature",
      "geometry": {
        "type": "Point",
        "coordinates": [
          76.7426917,
          30.7163272
        ]
      },
      "properties": {
        "direction_id": "r16517804",
        "route_id": "85",
        "sequence": 2,
        "osm_node_id": 1425480419,
        "name": "ISBT",
        "footfall_prior": 0.0
      }
    },
    {
      "type": "Feature",
      "geometry": {
        "type": "Point",
        "coordinates": [
          76.7433637,
          30.7171785
        ]
      },
      "properties": {
        "direction_id": "r16517804",
        "route_id": "85",
        "sequence": 3,
        "osm_node_id": 28845205,
        "name": "CTU Local Bus Station 43",
        "footfall_prior": 0.0
      }
    },
    {
      "type": "Feature",
      "geometry": {
        "type": "Point",
        "coordinates": [
          76.7752879,
          30.7600181
        ]
      },
      "properties": {
        "direction_id": "r16517856",
        "route_id": "101",
        "sequence": 0,
        "osm_node_id": 11053559568,
        "name": "PGI",
        "footfall_prior": 0.0
      }
    },
    {
      "type": "Feature",
      "geometry": {
        "type": "Point",
        "coordinates": [
          76.7787227,
          30.7326894
        ]
      },
      "properties": {
        "direction_id": "r16517856",
        "route_id": "101",
        "sequence": 1,
        "osm_node_id": 11147476433,
        "name": null,
        "footfall_prior": 0.0
      }
    },
    {
      "type": "Feature",
      "geometry": {
        "type": "Point",
        "coordinates": [
          76.7787227,
          30.7326894
        ]
      },
      "properties": {
        "direction_id": "r16519349",
        "route_id": "101",
        "sequence": 0,
        "osm_node_id": 11147476433,
        "name": null,
        "footfall_prior": 0.0
      }
    },
    {
      "type": "Feature",
      "geometry": {
        "type": "Point",
        "coordinates": [
          76.7752879,
          30.7600181
        ]
      },
      "properties": {
        "direction_id": "r16519349",
        "route_id": "101",
        "sequence": 1,
        "osm_node_id": 11053559568,
        "name": "PGI",
        "footfall_prior": 0.0
      }
    },
    {
      "type": "Feature",
      "geometry": {
        "type": "Point",
        "coordinates": [
          76.7426917,
          30.7163272
        ]
      },
      "properties": {
        "direction_id": "r16519387",
        "route_id": "123A",
        "sequence": 0,
        "osm_node_id": 1425480419,
        "name": "ISBT",
        "footfall_prior": 0.0
      }
    },
    {
      "type": "Feature",
      "geometry": {
        "type": "Point",
        "coordinates": [
          76.7433637,
          30.7171785
        ]
      },
      "properties": {
        "direction_id": "r16519387",
        "route_id": "123A",
        "sequence": 1,
        "osm_node_id": 28845205,
        "name": "CTU Local Bus Station 43",
        "footfall_prior": 0.0
      }
    },
    {
      "type": "Feature",
      "geometry": {
        "type": "Point",
        "coordinates": [
          76.7504965,
          30.7153735
        ]
      },
      "properties": {
        "direction_id": "r16519387",
        "route_id": "123A",
        "sequence": 2,
        "osm_node_id": 4306384689,
        "name": "Sector 43-44 road",
        "footfall_prior": 0.0
      }
    },
    {
      "type": "Feature",
      "geometry": {
        "type": "Point",
        "coordinates": [
          76.7660614,
          30.7247451
        ]
      },
      "properties": {
        "direction_id": "r16519387",
        "route_id": "123A",
        "sequence": 3,
        "osm_node_id": 1041047045,
        "name": "Bus Stop, Sector 34-A",
        "footfall_prior": 0.0
      }
    },
    {
      "type": "Feature",
      "geometry": {
        "type": "Point",
        "coordinates": [
          76.7787227,
          30.7326894
        ]
      },
      "properties": {
        "direction_id": "r16519387",
        "route_id": "123A",
        "sequence": 4,
        "osm_node_id": 11147476433,
        "name": null,
        "footfall_prior": 0.0
      }
    },
    {
      "type": "Feature",
      "geometry": {
        "type": "Point",
        "coordinates": [
          76.7752879,
          30.7600181
        ]
      },
      "properties": {
        "direction_id": "r16519387",
        "route_id": "123A",
        "sequence": 5,
        "osm_node_id": 11053559568,
        "name": "PGI",
        "footfall_prior": 0.0
      }
    },
    {
      "type": "Feature",
      "geometry": {
        "type": "Point",
        "coordinates": [
          76.7752879,
          30.7600181
        ]
      },
      "properties": {
        "direction_id": "r16519388",
        "route_id": "123A",
        "sequence": 0,
        "osm_node_id": 11053559568,
        "name": "PGI",
        "footfall_prior": 0.0
      }
    },
    {
      "type": "Feature",
      "geometry": {
        "type": "Point",
        "coordinates": [
          76.7787227,
          30.7326894
        ]
      },
      "properties": {
        "direction_id": "r16519388",
        "route_id": "123A",
        "sequence": 1,
        "osm_node_id": 11147476433,
        "name": null,
        "footfall_prior": 0.0
      }
    },
    {
      "type": "Feature",
      "geometry": {
        "type": "Point",
        "coordinates": [
          76.7660614,
          30.7247451
        ]
      },
      "properties": {
        "direction_id": "r16519388",
        "route_id": "123A",
        "sequence": 2,
        "osm_node_id": 1041047045,
        "name": "Bus Stop, Sector 34-A",
        "footfall_prior": 0.0
      }
    },
    {
      "type": "Feature",
      "geometry": {
        "type": "Point",
        "coordinates": [
          76.7426917,
          30.7163272
        ]
      },
      "properties": {
        "direction_id": "r16519388",
        "route_id": "123A",
        "sequence": 3,
        "osm_node_id": 1425480419,
        "name": "ISBT",
        "footfall_prior": 0.0
      }
    },
    {
      "type": "Feature",
      "geometry": {
        "type": "Point",
        "coordinates": [
          76.7433637,
          30.7171785
        ]
      },
      "properties": {
        "direction_id": "r16519388",
        "route_id": "123A",
        "sequence": 4,
        "osm_node_id": 28845205,
        "name": "CTU Local Bus Station 43",
        "footfall_prior": 0.0
      }
    },
    {
      "type": "Feature",
      "geometry": {
        "type": "Point",
        "coordinates": [
          76.7401962,
          30.6661546
        ]
      },
      "properties": {
        "direction_id": "r16519388",
        "route_id": "123A",
        "sequence": 5,
        "osm_node_id": 1527087489,
        "name": null,
        "footfall_prior": 0.0
      }
    },
    {
      "type": "Feature",
      "geometry": {
        "type": "Point",
        "coordinates": [
          76.7426917,
          30.7163272
        ]
      },
      "properties": {
        "direction_id": "r16521346",
        "route_id": "202",
        "sequence": 0,
        "osm_node_id": 1425480419,
        "name": "ISBT",
        "footfall_prior": 0.0
      }
    },
    {
      "type": "Feature",
      "geometry": {
        "type": "Point",
        "coordinates": [
          76.7433637,
          30.7171785
        ]
      },
      "properties": {
        "direction_id": "r16521346",
        "route_id": "202",
        "sequence": 1,
        "osm_node_id": 28845205,
        "name": "CTU Local Bus Station 43",
        "footfall_prior": 0.0
      }
    },
    {
      "type": "Feature",
      "geometry": {
        "type": "Point",
        "coordinates": [
          76.7752879,
          30.7600181
        ]
      },
      "properties": {
        "direction_id": "r16521782",
        "route_id": "C551E",
        "sequence": 0,
        "osm_node_id": 11053559568,
        "name": "PGI",
        "footfall_prior": 0.0
      }
    },
    {
      "type": "Feature",
      "geometry": {
        "type": "Point",
        "coordinates": [
          76.7787227,
          30.7326894
        ]
      },
      "properties": {
        "direction_id": "r16521782",
        "route_id": "C551E",
        "sequence": 1,
        "osm_node_id": 11147476433,
        "name": null,
        "footfall_prior": 0.0
      }
    },
    {
      "type": "Feature",
      "geometry": {
        "type": "Point",
        "coordinates": [
          76.7660614,
          30.7247451
        ]
      },
      "properties": {
        "direction_id": "r16521782",
        "route_id": "C551E",
        "sequence": 2,
        "osm_node_id": 1041047045,
        "name": "Bus Stop, Sector 34-A",
        "footfall_prior": 0.0
      }
    },
    {
      "type": "Feature",
      "geometry": {
        "type": "Point",
        "coordinates": [
          76.7426917,
          30.7163272
        ]
      },
      "properties": {
        "direction_id": "r16521782",
        "route_id": "C551E",
        "sequence": 3,
        "osm_node_id": 1425480419,
        "name": "ISBT",
        "footfall_prior": 0.0
      }
    },
    {
      "type": "Feature",
      "geometry": {
        "type": "Point",
        "coordinates": [
          76.7433637,
          30.7171785
        ]
      },
      "properties": {
        "direction_id": "r16521782",
        "route_id": "C551E",
        "sequence": 4,
        "osm_node_id": 28845205,
        "name": "CTU Local Bus Station 43",
        "footfall_prior": 0.0
      }
    },
    {
      "type": "Feature",
      "geometry": {
        "type": "Point",
        "coordinates": [
          76.7504965,
          30.7153735
        ]
      },
      "properties": {
        "direction_id": "r16521783",
        "route_id": "C551E",
        "sequence": 0,
        "osm_node_id": 4306384689,
        "name": "Sector 43-44 road",
        "footfall_prior": 0.0
      }
    },
    {
      "type": "Feature",
      "geometry": {
        "type": "Point",
        "coordinates": [
          76.7660614,
          30.7247451
        ]
      },
      "properties": {
        "direction_id": "r16521783",
        "route_id": "C551E",
        "sequence": 1,
        "osm_node_id": 1041047045,
        "name": "Bus Stop, Sector 34-A",
        "footfall_prior": 0.0
      }
    },
    {
      "type": "Feature",
      "geometry": {
        "type": "Point",
        "coordinates": [
          76.7787227,
          30.7326894
        ]
      },
      "properties": {
        "direction_id": "r16521783",
        "route_id": "C551E",
        "sequence": 2,
        "osm_node_id": 11147476433,
        "name": null,
        "footfall_prior": 0.0
      }
    },
    {
      "type": "Feature",
      "geometry": {
        "type": "Point",
        "coordinates": [
          76.7752879,
          30.7600181
        ]
      },
      "properties": {
        "direction_id": "r16521783",
        "route_id": "C551E",
        "sequence": 3,
        "osm_node_id": 11053559568,
        "name": "PGI",
        "footfall_prior": 0.0
      }
    },
    {
      "type": "Feature",
      "geometry": {
        "type": "Point",
        "coordinates": [
          76.7504965,
          30.7153735
        ]
      },
      "properties": {
        "direction_id": "r16521808",
        "route_id": "206",
        "sequence": 0,
        "osm_node_id": 4306384689,
        "name": "Sector 43-44 road",
        "footfall_prior": 0.0
      }
    },
    {
      "type": "Feature",
      "geometry": {
        "type": "Point",
        "coordinates": [
          76.7927769,
          30.7386127
        ]
      },
      "properties": {
        "direction_id": "r16521808",
        "route_id": "206",
        "sequence": 1,
        "osm_node_id": 11335525459,
        "name": null,
        "footfall_prior": 0.0
      }
    },
    {
      "type": "Feature",
      "geometry": {
        "type": "Point",
        "coordinates": [
          76.7940228,
          30.7368248
        ]
      },
      "properties": {
        "direction_id": "r16521808",
        "route_id": "206",
        "sequence": 2,
        "osm_node_id": 6970853271,
        "name": null,
        "footfall_prior": 0.0
      }
    },
    {
      "type": "Feature",
      "geometry": {
        "type": "Point",
        "coordinates": [
          76.8035954,
          30.7269827
        ]
      },
      "properties": {
        "direction_id": "r16521808",
        "route_id": "206",
        "sequence": 3,
        "osm_node_id": 11335525457,
        "name": null,
        "footfall_prior": 0.0
      }
    },
    {
      "type": "Feature",
      "geometry": {
        "type": "Point",
        "coordinates": [
          76.8074116,
          30.722668
        ]
      },
      "properties": {
        "direction_id": "r16521808",
        "route_id": "206",
        "sequence": 4,
        "osm_node_id": 11335525458,
        "name": null,
        "footfall_prior": 0.0
      }
    },
    {
      "type": "Feature",
      "geometry": {
        "type": "Point",
        "coordinates": [
          76.8135477,
          30.7170531
        ]
      },
      "properties": {
        "direction_id": "r16521808",
        "route_id": "206",
        "sequence": 5,
        "osm_node_id": 11230148264,
        "name": null,
        "footfall_prior": 0.0
      }
    },
    {
      "type": "Feature",
      "geometry": {
        "type": "Point",
        "coordinates": [
          76.8190972,
          30.702824
        ]
      },
      "properties": {
        "direction_id": "r16521808",
        "route_id": "206",
        "sequence": 6,
        "osm_node_id": 2914440106,
        "name": "Chandigarh Railway Station",
        "footfall_prior": 0.0
      }
    },
    {
      "type": "Feature",
      "geometry": {
        "type": "Point",
        "coordinates": [
          76.8227532,
          30.7123935
        ]
      },
      "properties": {
        "direction_id": "r16521808",
        "route_id": "206",
        "sequence": 7,
        "osm_node_id": 11230165511,
        "name": null,
        "footfall_prior": 0.0
      }
    },
    {
      "type": "Feature",
      "geometry": {
        "type": "Point",
        "coordinates": [
          76.8296565,
          30.7091315
        ]
      },
      "properties": {
        "direction_id": "r16521808",
        "route_id": "206",
        "sequence": 8,
        "osm_node_id": 11230163714,
        "name": null,
        "footfall_prior": 0.0
      }
    },
    {
      "type": "Feature",
      "geometry": {
        "type": "Point",
        "coordinates": [
          76.8360406,
          30.7076089
        ]
      },
      "properties": {
        "direction_id": "r16521808",
        "route_id": "206",
        "sequence": 9,
        "osm_node_id": 10000240246,
        "name": "Housing Board Chowk",
        "footfall_prior": 0.0
      }
    },
    {
      "type": "Feature",
      "geometry": {
        "type": "Point",
        "coordinates": [
          76.8390732,
          30.7092765
        ]
      },
      "properties": {
        "direction_id": "r16521808",
        "route_id": "206",
        "sequence": 10,
        "osm_node_id": 10744858599,
        "name": null,
        "footfall_prior": 0.0
      }
    },
    {
      "type": "Feature",
      "geometry": {
        "type": "Point",
        "coordinates": [
          76.8391663,
          30.7090224
        ]
      },
      "properties": {
        "direction_id": "r16521811",
        "route_id": "206",
        "sequence": 0,
        "osm_node_id": 11148076756,
        "name": null,
        "footfall_prior": 0.0
      }
    },
    {
      "type": "Feature",
      "geometry": {
        "type": "Point",
        "coordinates": [
          76.8360406,
          30.7076089
        ]
      },
      "properties": {
        "direction_id": "r16521811",
        "route_id": "206",
        "sequence": 1,
        "osm_node_id": 10000240246,
        "name": "Housing Board Chowk",
        "footfall_prior": 0.0
      }
    },
    {
      "type": "Feature",
      "geometry": {
        "type": "Point",
        "coordinates": [
          76.8296565,
          30.7091315
        ]
      },
      "properties": {
        "direction_id": "r16521811",
        "route_id": "206",
        "sequence": 2,
        "osm_node_id": 11230163714,
        "name": null,
        "footfall_prior": 0.0
      }
    },
    {
      "type": "Feature",
      "geometry": {
        "type": "Point",
        "coordinates": [
          76.8227532,
          30.7123935
        ]
      },
      "properties": {
        "direction_id": "r16521811",
        "route_id": "206",
        "sequence": 3,
        "osm_node_id": 11230165511,
        "name": null,
        "footfall_prior": 0.0
      }
    },
    {
      "type": "Feature",
      "geometry": {
        "type": "Point",
        "coordinates": [
          76.8190972,
          30.702824
        ]
      },
      "properties": {
        "direction_id": "r16521811",
        "route_id": "206",
        "sequence": 4,
        "osm_node_id": 2914440106,
        "name": "Chandigarh Railway Station",
        "footfall_prior": 0.0
      }
    },
    {
      "type": "Feature",
      "geometry": {
        "type": "Point",
        "coordinates": [
          76.8135477,
          30.7170531
        ]
      },
      "properties": {
        "direction_id": "r16521811",
        "route_id": "206",
        "sequence": 5,
        "osm_node_id": 11230148264,
        "name": null,
        "footfall_prior": 0.0
      }
    },
    {
      "type": "Feature",
      "geometry": {
        "type": "Point",
        "coordinates": [
          76.8074116,
          30.722668
        ]
      },
      "properties": {
        "direction_id": "r16521811",
        "route_id": "206",
        "sequence": 6,
        "osm_node_id": 11335525458,
        "name": null,
        "footfall_prior": 0.0
      }
    },
    {
      "type": "Feature",
      "geometry": {
        "type": "Point",
        "coordinates": [
          76.8035954,
          30.7269827
        ]
      },
      "properties": {
        "direction_id": "r16521811",
        "route_id": "206",
        "sequence": 7,
        "osm_node_id": 11335525457,
        "name": null,
        "footfall_prior": 0.0
      }
    },
    {
      "type": "Feature",
      "geometry": {
        "type": "Point",
        "coordinates": [
          76.7940228,
          30.7368248
        ]
      },
      "properties": {
        "direction_id": "r16521811",
        "route_id": "206",
        "sequence": 8,
        "osm_node_id": 6970853271,
        "name": null,
        "footfall_prior": 0.0
      }
    },
    {
      "type": "Feature",
      "geometry": {
        "type": "Point",
        "coordinates": [
          76.7927769,
          30.7386127
        ]
      },
      "properties": {
        "direction_id": "r16521811",
        "route_id": "206",
        "sequence": 9,
        "osm_node_id": 11335525459,
        "name": null,
        "footfall_prior": 0.0
      }
    },
    {
      "type": "Feature",
      "geometry": {
        "type": "Point",
        "coordinates": [
          76.7426917,
          30.7163272
        ]
      },
      "properties": {
        "direction_id": "r16521811",
        "route_id": "206",
        "sequence": 10,
        "osm_node_id": 1425480419,
        "name": "ISBT",
        "footfall_prior": 0.0
      }
    },
    {
      "type": "Feature",
      "geometry": {
        "type": "Point",
        "coordinates": [
          76.7433637,
          30.7171785
        ]
      },
      "properties": {
        "direction_id": "r16521811",
        "route_id": "206",
        "sequence": 11,
        "osm_node_id": 28845205,
        "name": "CTU Local Bus Station 43",
        "footfall_prior": 0.0
      }
    },
    {
      "type": "Feature",
      "geometry": {
        "type": "Point",
        "coordinates": [
          76.8228259,
          30.6400682
        ]
      },
      "properties": {
        "direction_id": "r16522555",
        "route_id": "212",
        "sequence": 0,
        "osm_node_id": 12596227210,
        "name": null,
        "footfall_prior": 0.0
      }
    },
    {
      "type": "Feature",
      "geometry": {
        "type": "Point",
        "coordinates": [
          76.8225275,
          30.6407956
        ]
      },
      "properties": {
        "direction_id": "r16522555",
        "route_id": "212",
        "sequence": 1,
        "osm_node_id": 12596212878,
        "name": null,
        "footfall_prior": 0.0
      }
    },
    {
      "type": "Feature",
      "geometry": {
        "type": "Point",
        "coordinates": [
          76.7908761,
          30.7029134
        ]
      },
      "properties": {
        "direction_id": "r16522555",
        "route_id": "212",
        "sequence": 2,
        "osm_node_id": 813348337,
        "name": null,
        "footfall_prior": 0.0
      }
    },
    {
      "type": "Feature",
      "geometry": {
        "type": "Point",
        "coordinates": [
          76.7787227,
          30.7326894
        ]
      },
      "properties": {
        "direction_id": "r16522555",
        "route_id": "212",
        "sequence": 3,
        "osm_node_id": 11147476433,
        "name": null,
        "footfall_prior": 0.0
      }
    },
    {
      "type": "Feature",
      "geometry": {
        "type": "Point",
        "coordinates": [
          76.7752879,
          30.7600181
        ]
      },
      "properties": {
        "direction_id": "r16522555",
        "route_id": "212",
        "sequence": 4,
        "osm_node_id": 11053559568,
        "name": "PGI",
        "footfall_prior": 0.0
      }
    },
    {
      "type": "Feature",
      "geometry": {
        "type": "Point",
        "coordinates": [
          76.7752879,
          30.7600181
        ]
      },
      "properties": {
        "direction_id": "r16522556",
        "route_id": "212",
        "sequence": 0,
        "osm_node_id": 11053559568,
        "name": "PGI",
        "footfall_prior": 0.0
      }
    },
    {
      "type": "Feature",
      "geometry": {
        "type": "Point",
        "coordinates": [
          76.7787227,
          30.7326894
        ]
      },
      "properties": {
        "direction_id": "r16522556",
        "route_id": "212",
        "sequence": 1,
        "osm_node_id": 11147476433,
        "name": null,
        "footfall_prior": 0.0
      }
    },
    {
      "type": "Feature",
      "geometry": {
        "type": "Point",
        "coordinates": [
          76.7908761,
          30.7029134
        ]
      },
      "properties": {
        "direction_id": "r16522556",
        "route_id": "212",
        "sequence": 2,
        "osm_node_id": 813348337,
        "name": null,
        "footfall_prior": 0.0
      }
    },
    {
      "type": "Feature",
      "geometry": {
        "type": "Point",
        "coordinates": [
          76.8225275,
          30.6407956
        ]
      },
      "properties": {
        "direction_id": "r16522556",
        "route_id": "212",
        "sequence": 3,
        "osm_node_id": 12596212878,
        "name": null,
        "footfall_prior": 0.0
      }
    },
    {
      "type": "Feature",
      "geometry": {
        "type": "Point",
        "coordinates": [
          76.8228259,
          30.6400682
        ]
      },
      "properties": {
        "direction_id": "r16522556",
        "route_id": "212",
        "sequence": 4,
        "osm_node_id": 12596227210,
        "name": null,
        "footfall_prior": 0.0
      }
    },
    {
      "type": "Feature",
      "geometry": {
        "type": "Point",
        "coordinates": [
          76.8228259,
          30.6400682
        ]
      },
      "properties": {
        "direction_id": "r16522634",
        "route_id": "213",
        "sequence": 0,
        "osm_node_id": 12596227210,
        "name": null,
        "footfall_prior": 0.0
      }
    },
    {
      "type": "Feature",
      "geometry": {
        "type": "Point",
        "coordinates": [
          76.8225275,
          30.6407956
        ]
      },
      "properties": {
        "direction_id": "r16522634",
        "route_id": "213",
        "sequence": 1,
        "osm_node_id": 12596212878,
        "name": null,
        "footfall_prior": 0.0
      }
    },
    {
      "type": "Feature",
      "geometry": {
        "type": "Point",
        "coordinates": [
          76.7908761,
          30.7029134
        ]
      },
      "properties": {
        "direction_id": "r16522634",
        "route_id": "213",
        "sequence": 2,
        "osm_node_id": 813348337,
        "name": null,
        "footfall_prior": 0.0
      }
    },
    {
      "type": "Feature",
      "geometry": {
        "type": "Point",
        "coordinates": [
          76.7426917,
          30.7163272
        ]
      },
      "properties": {
        "direction_id": "r16522634",
        "route_id": "213",
        "sequence": 3,
        "osm_node_id": 1425480419,
        "name": "ISBT",
        "footfall_prior": 0.0
      }
    },
    {
      "type": "Feature",
      "geometry": {
        "type": "Point",
        "coordinates": [
          76.7433637,
          30.7171785
        ]
      },
      "properties": {
        "direction_id": "r16522634",
        "route_id": "213",
        "sequence": 4,
        "osm_node_id": 28845205,
        "name": "CTU Local Bus Station 43",
        "footfall_prior": 0.0
      }
    },
    {
      "type": "Feature",
      "geometry": {
        "type": "Point",
        "coordinates": [
          76.7116208,
          30.6904366
        ]
      },
      "properties": {
        "direction_id": "r16522634",
        "route_id": "213",
        "sequence": 5,
        "osm_node_id": 5761967091,
        "name": "Sas Nagar",
        "footfall_prior": 0.0
      }
    },
    {
      "type": "Feature",
      "geometry": {
        "type": "Point",
        "coordinates": [
          76.7121523,
          30.6904159
        ]
      },
      "properties": {
        "direction_id": "r16522635",
        "route_id": "213",
        "sequence": 0,
        "osm_node_id": 9857905217,
        "name": null,
        "footfall_prior": 0.0
      }
    },
    {
      "type": "Feature",
      "geometry": {
        "type": "Point",
        "coordinates": [
          76.7426917,
          30.7163272
        ]
      },
      "properties": {
        "direction_id": "r16522635",
        "route_id": "213",
        "sequence": 1,
        "osm_node_id": 1425480419,
        "name": "ISBT",
        "footfall_prior": 0.0
      }
    },
    {
      "type": "Feature",
      "geometry": {
        "type": "Point",
        "coordinates": [
          76.7433637,
          30.7171785
        ]
      },
      "properties": {
        "direction_id": "r16522635",
        "route_id": "213",
        "sequence": 2,
        "osm_node_id": 28845205,
        "name": "CTU Local Bus Station 43",
        "footfall_prior": 0.0
      }
    },
    {
      "type": "Feature",
      "geometry": {
        "type": "Point",
        "coordinates": [
          76.7504965,
          30.7153735
        ]
      },
      "properties": {
        "direction_id": "r16522635",
        "route_id": "213",
        "sequence": 3,
        "osm_node_id": 4306384689,
        "name": "Sector 43-44 road",
        "footfall_prior": 0.0
      }
    },
    {
      "type": "Feature",
      "geometry": {
        "type": "Point",
        "coordinates": [
          76.7908761,
          30.7029134
        ]
      },
      "properties": {
        "direction_id": "r16522635",
        "route_id": "213",
        "sequence": 4,
        "osm_node_id": 813348337,
        "name": null,
        "footfall_prior": 0.0
      }
    },
    {
      "type": "Feature",
      "geometry": {
        "type": "Point",
        "coordinates": [
          76.8225275,
          30.6407956
        ]
      },
      "properties": {
        "direction_id": "r16522635",
        "route_id": "213",
        "sequence": 5,
        "osm_node_id": 12596212878,
        "name": null,
        "footfall_prior": 0.0
      }
    },
    {
      "type": "Feature",
      "geometry": {
        "type": "Point",
        "coordinates": [
          76.8228259,
          30.6400682
        ]
      },
      "properties": {
        "direction_id": "r16522635",
        "route_id": "213",
        "sequence": 6,
        "osm_node_id": 12596227210,
        "name": null,
        "footfall_prior": 0.0
      }
    },
    {
      "type": "Feature",
      "geometry": {
        "type": "Point",
        "coordinates": [
          76.8391663,
          30.7090224
        ]
      },
      "properties": {
        "direction_id": "r16522852",
        "route_id": "214",
        "sequence": 0,
        "osm_node_id": 11148076756,
        "name": null,
        "footfall_prior": 0.0
      }
    },
    {
      "type": "Feature",
      "geometry": {
        "type": "Point",
        "coordinates": [
          76.8360406,
          30.7076089
        ]
      },
      "properties": {
        "direction_id": "r16522852",
        "route_id": "214",
        "sequence": 1,
        "osm_node_id": 10000240246,
        "name": "Housing Board Chowk",
        "footfall_prior": 0.0
      }
    },
    {
      "type": "Feature",
      "geometry": {
        "type": "Point",
        "coordinates": [
          76.8296565,
          30.7091315
        ]
      },
      "properties": {
        "direction_id": "r16522852",
        "route_id": "214",
        "sequence": 2,
        "osm_node_id": 11230163714,
        "name": null,
        "footfall_prior": 0.0
      }
    },
    {
      "type": "Feature",
      "geometry": {
        "type": "Point",
        "coordinates": [
          76.8227532,
          30.7123935
        ]
      },
      "properties": {
        "direction_id": "r16522852",
        "route_id": "214",
        "sequence": 3,
        "osm_node_id": 11230165511,
        "name": null,
        "footfall_prior": 0.0
      }
    },
    {
      "type": "Feature",
      "geometry": {
        "type": "Point",
        "coordinates": [
          76.8190972,
          30.702824
        ]
      },
      "properties": {
        "direction_id": "r16522852",
        "route_id": "214",
        "sequence": 4,
        "osm_node_id": 2914440106,
        "name": "Chandigarh Railway Station",
        "footfall_prior": 0.0
      }
    },
    {
      "type": "Feature",
      "geometry": {
        "type": "Point",
        "coordinates": [
          76.8135477,
          30.7170531
        ]
      },
      "properties": {
        "direction_id": "r16522852",
        "route_id": "214",
        "sequence": 5,
        "osm_node_id": 11230148264,
        "name": null,
        "footfall_prior": 0.0
      }
    },
    {
      "type": "Feature",
      "geometry": {
        "type": "Point",
        "coordinates": [
          76.7752879,
          30.7600181
        ]
      },
      "properties": {
        "direction_id": "r16522852",
        "route_id": "214",
        "sequence": 6,
        "osm_node_id": 11053559568,
        "name": "PGI",
        "footfall_prior": 0.0
      }
    },
    {
      "type": "Feature",
      "geometry": {
        "type": "Point",
        "coordinates": [
          76.7752879,
          30.7600181
        ]
      },
      "properties": {
        "direction_id": "r16522853",
        "route_id": "214",
        "sequence": 0,
        "osm_node_id": 11053559568,
        "name": "PGI",
        "footfall_prior": 0.0
      }
    },
    {
      "type": "Feature",
      "geometry": {
        "type": "Point",
        "coordinates": [
          76.8135477,
          30.7170531
        ]
      },
      "properties": {
        "direction_id": "r16522853",
        "route_id": "214",
        "sequence": 1,
        "osm_node_id": 11230148264,
        "name": null,
        "footfall_prior": 0.0
      }
    },
    {
      "type": "Feature",
      "geometry": {
        "type": "Point",
        "coordinates": [
          76.8190972,
          30.702824
        ]
      },
      "properties": {
        "direction_id": "r16522853",
        "route_id": "214",
        "sequence": 2,
        "osm_node_id": 2914440106,
        "name": "Chandigarh Railway Station",
        "footfall_prior": 0.0
      }
    },
    {
      "type": "Feature",
      "geometry": {
        "type": "Point",
        "coordinates": [
          76.8227532,
          30.7123935
        ]
      },
      "properties": {
        "direction_id": "r16522853",
        "route_id": "214",
        "sequence": 3,
        "osm_node_id": 11230165511,
        "name": null,
        "footfall_prior": 0.0
      }
    },
    {
      "type": "Feature",
      "geometry": {
        "type": "Point",
        "coordinates": [
          76.8296565,
          30.7091315
        ]
      },
      "properties": {
        "direction_id": "r16522853",
        "route_id": "214",
        "sequence": 4,
        "osm_node_id": 11230163714,
        "name": null,
        "footfall_prior": 0.0
      }
    },
    {
      "type": "Feature",
      "geometry": {
        "type": "Point",
        "coordinates": [
          76.8360406,
          30.7076089
        ]
      },
      "properties": {
        "direction_id": "r16522853",
        "route_id": "214",
        "sequence": 5,
        "osm_node_id": 10000240246,
        "name": "Housing Board Chowk",
        "footfall_prior": 0.0
      }
    },
    {
      "type": "Feature",
      "geometry": {
        "type": "Point",
        "coordinates": [
          76.8390732,
          30.7092765
        ]
      },
      "properties": {
        "direction_id": "r16522853",
        "route_id": "214",
        "sequence": 6,
        "osm_node_id": 10744858599,
        "name": null,
        "footfall_prior": 0.0
      }
    },
    {
      "type": "Feature",
      "geometry": {
        "type": "Point",
        "coordinates": [
          76.7908761,
          30.7029134
        ]
      },
      "properties": {
        "direction_id": "r16522892",
        "route_id": "219",
        "sequence": 0,
        "osm_node_id": 813348337,
        "name": null,
        "footfall_prior": 0.0
      }
    },
    {
      "type": "Feature",
      "geometry": {
        "type": "Point",
        "coordinates": [
          76.7787227,
          30.7326894
        ]
      },
      "properties": {
        "direction_id": "r16522892",
        "route_id": "219",
        "sequence": 1,
        "osm_node_id": 11147476433,
        "name": null,
        "footfall_prior": 0.0
      }
    },
    {
      "type": "Feature",
      "geometry": {
        "type": "Point",
        "coordinates": [
          76.7752879,
          30.7600181
        ]
      },
      "properties": {
        "direction_id": "r16522892",
        "route_id": "219",
        "sequence": 2,
        "osm_node_id": 11053559568,
        "name": "PGI",
        "footfall_prior": 0.0
      }
    },
    {
      "type": "Feature",
      "geometry": {
        "type": "Point",
        "coordinates": [
          76.7752879,
          30.7600181
        ]
      },
      "properties": {
        "direction_id": "r16522893",
        "route_id": "219",
        "sequence": 0,
        "osm_node_id": 11053559568,
        "name": "PGI",
        "footfall_prior": 0.0
      }
    },
    {
      "type": "Feature",
      "geometry": {
        "type": "Point",
        "coordinates": [
          76.7787227,
          30.7326894
        ]
      },
      "properties": {
        "direction_id": "r16522893",
        "route_id": "219",
        "sequence": 1,
        "osm_node_id": 11147476433,
        "name": null,
        "footfall_prior": 0.0
      }
    },
    {
      "type": "Feature",
      "geometry": {
        "type": "Point",
        "coordinates": [
          76.7908761,
          30.7029134
        ]
      },
      "properties": {
        "direction_id": "r16522893",
        "route_id": "219",
        "sequence": 2,
        "osm_node_id": 813348337,
        "name": null,
        "footfall_prior": 0.0
      }
    },
    {
      "type": "Feature",
      "geometry": {
        "type": "Point",
        "coordinates": [
          76.8228259,
          30.6400682
        ]
      },
      "properties": {
        "direction_id": "r16522922",
        "route_id": "216",
        "sequence": 0,
        "osm_node_id": 12596227210,
        "name": null,
        "footfall_prior": 0.0
      }
    },
    {
      "type": "Feature",
      "geometry": {
        "type": "Point",
        "coordinates": [
          76.8225275,
          30.6407956
        ]
      },
      "properties": {
        "direction_id": "r16522922",
        "route_id": "216",
        "sequence": 1,
        "osm_node_id": 12596212878,
        "name": null,
        "footfall_prior": 0.0
      }
    },
    {
      "type": "Feature",
      "geometry": {
        "type": "Point",
        "coordinates": [
          76.7908761,
          30.7029134
        ]
      },
      "properties": {
        "direction_id": "r16522922",
        "route_id": "216",
        "sequence": 2,
        "osm_node_id": 813348337,
        "name": null,
        "footfall_prior": 0.0
      }
    },
    {
      "type": "Feature",
      "geometry": {
        "type": "Point",
        "coordinates": [
          76.7787227,
          30.7326894
        ]
      },
      "properties": {
        "direction_id": "r16522922",
        "route_id": "216",
        "sequence": 3,
        "osm_node_id": 11147476433,
        "name": null,
        "footfall_prior": 0.0
      }
    },
    {
      "type": "Feature",
      "geometry": {
        "type": "Point",
        "coordinates": [
          76.7426917,
          30.7163272
        ]
      },
      "properties": {
        "direction_id": "r16522922",
        "route_id": "216",
        "sequence": 4,
        "osm_node_id": 1425480419,
        "name": "ISBT",
        "footfall_prior": 0.0
      }
    },
    {
      "type": "Feature",
      "geometry": {
        "type": "Point",
        "coordinates": [
          76.7433637,
          30.7171785
        ]
      },
      "properties": {
        "direction_id": "r16522922",
        "route_id": "216",
        "sequence": 5,
        "osm_node_id": 28845205,
        "name": "CTU Local Bus Station 43",
        "footfall_prior": 0.0
      }
    },
    {
      "type": "Feature",
      "geometry": {
        "type": "Point",
        "coordinates": [
          76.7504965,
          30.7153735
        ]
      },
      "properties": {
        "direction_id": "r16522923",
        "route_id": "216",
        "sequence": 0,
        "osm_node_id": 4306384689,
        "name": "Sector 43-44 road",
        "footfall_prior": 0.0
      }
    },
    {
      "type": "Feature",
      "geometry": {
        "type": "Point",
        "coordinates": [
          76.7787227,
          30.7326894
        ]
      },
      "properties": {
        "direction_id": "r16522923",
        "route_id": "216",
        "sequence": 1,
        "osm_node_id": 11147476433,
        "name": null,
        "footfall_prior": 0.0
      }
    },
    {
      "type": "Feature",
      "geometry": {
        "type": "Point",
        "coordinates": [
          76.7908761,
          30.7029134
        ]
      },
      "properties": {
        "direction_id": "r16522923",
        "route_id": "216",
        "sequence": 2,
        "osm_node_id": 813348337,
        "name": null,
        "footfall_prior": 0.0
      }
    },
    {
      "type": "Feature",
      "geometry": {
        "type": "Point",
        "coordinates": [
          76.8225275,
          30.6407956
        ]
      },
      "properties": {
        "direction_id": "r16522923",
        "route_id": "216",
        "sequence": 3,
        "osm_node_id": 12596212878,
        "name": null,
        "footfall_prior": 0.0
      }
    },
    {
      "type": "Feature",
      "geometry": {
        "type": "Point",
        "coordinates": [
          76.8228259,
          30.6400682
        ]
      },
      "properties": {
        "direction_id": "r16522923",
        "route_id": "216",
        "sequence": 4,
        "osm_node_id": 12596227210,
        "name": null,
        "footfall_prior": 0.0
      }
    },
    {
      "type": "Feature",
      "geometry": {
        "type": "Point",
        "coordinates": [
          76.8391663,
          30.7090224
        ]
      },
      "properties": {
        "direction_id": "r16523079",
        "route_id": "240",
        "sequence": 0,
        "osm_node_id": 11148076756,
        "name": null,
        "footfall_prior": 0.0
      }
    },
    {
      "type": "Feature",
      "geometry": {
        "type": "Point",
        "coordinates": [
          76.8360406,
          30.7076089
        ]
      },
      "properties": {
        "direction_id": "r16523079",
        "route_id": "240",
        "sequence": 1,
        "osm_node_id": 10000240246,
        "name": "Housing Board Chowk",
        "footfall_prior": 0.0
      }
    },
    {
      "type": "Feature",
      "geometry": {
        "type": "Point",
        "coordinates": [
          76.8296565,
          30.7091315
        ]
      },
      "properties": {
        "direction_id": "r16523079",
        "route_id": "240",
        "sequence": 2,
        "osm_node_id": 11230163714,
        "name": null,
        "footfall_prior": 0.0
      }
    },
    {
      "type": "Feature",
      "geometry": {
        "type": "Point",
        "coordinates": [
          76.8227532,
          30.7123935
        ]
      },
      "properties": {
        "direction_id": "r16523079",
        "route_id": "240",
        "sequence": 3,
        "osm_node_id": 11230165511,
        "name": null,
        "footfall_prior": 0.0
      }
    },
    {
      "type": "Feature",
      "geometry": {
        "type": "Point",
        "coordinates": [
          76.8190972,
          30.702824
        ]
      },
      "properties": {
        "direction_id": "r16523079",
        "route_id": "240",
        "sequence": 4,
        "osm_node_id": 2914440106,
        "name": "Chandigarh Railway Station",
        "footfall_prior": 0.0
      }
    },
    {
      "type": "Feature",
      "geometry": {
        "type": "Point",
        "coordinates": [
          76.8135477,
          30.7170531
        ]
      },
      "properties": {
        "direction_id": "r16523079",
        "route_id": "240",
        "sequence": 5,
        "osm_node_id": 11230148264,
        "name": null,
        "footfall_prior": 0.0
      }
    },
    {
      "type": "Feature",
      "geometry": {
        "type": "Point",
        "coordinates": [
          76.7787227,
          30.7326894
        ]
      },
      "properties": {
        "direction_id": "r16523079",
        "route_id": "240",
        "sequence": 6,
        "osm_node_id": 11147476433,
        "name": null,
        "footfall_prior": 0.0
      }
    },
    {
      "type": "Feature",
      "geometry": {
        "type": "Point",
        "coordinates": [
          76.7660614,
          30.7247451
        ]
      },
      "properties": {
        "direction_id": "r16523079",
        "route_id": "240",
        "sequence": 7,
        "osm_node_id": 1041047045,
        "name": "Bus Stop, Sector 34-A",
        "footfall_prior": 0.0
      }
    },
    {
      "type": "Feature",
      "geometry": {
        "type": "Point",
        "coordinates": [
          76.7426917,
          30.7163272
        ]
      },
      "properties": {
        "direction_id": "r16523079",
        "route_id": "240",
        "sequence": 8,
        "osm_node_id": 1425480419,
        "name": "ISBT",
        "footfall_prior": 0.0
      }
    },
    {
      "type": "Feature",
      "geometry": {
        "type": "Point",
        "coordinates": [
          76.7433637,
          30.7171785
        ]
      },
      "properties": {
        "direction_id": "r16523079",
        "route_id": "240",
        "sequence": 9,
        "osm_node_id": 28845205,
        "name": "CTU Local Bus Station 43",
        "footfall_prior": 0.0
      }
    },
    {
      "type": "Feature",
      "geometry": {
        "type": "Point",
        "coordinates": [
          76.7504965,
          30.7153735
        ]
      },
      "properties": {
        "direction_id": "r16523080",
        "route_id": "240",
        "sequence": 0,
        "osm_node_id": 4306384689,
        "name": "Sector 43-44 road",
        "footfall_prior": 0.0
      }
    },
    {
      "type": "Feature",
      "geometry": {
        "type": "Point",
        "coordinates": [
          76.7660614,
          30.7247451
        ]
      },
      "properties": {
        "direction_id": "r16523080",
        "route_id": "240",
        "sequence": 1,
        "osm_node_id": 1041047045,
        "name": "Bus Stop, Sector 34-A",
        "footfall_prior": 0.0
      }
    },
    {
      "type": "Feature",
      "geometry": {
        "type": "Point",
        "coordinates": [
          76.7787227,
          30.7326894
        ]
      },
      "properties": {
        "direction_id": "r16523080",
        "route_id": "240",
        "sequence": 2,
        "osm_node_id": 11147476433,
        "name": null,
        "footfall_prior": 0.0
      }
    },
    {
      "type": "Feature",
      "geometry": {
        "type": "Point",
        "coordinates": [
          76.8135477,
          30.7170531
        ]
      },
      "properties": {
        "direction_id": "r16523080",
        "route_id": "240",
        "sequence": 3,
        "osm_node_id": 11230148264,
        "name": null,
        "footfall_prior": 0.0
      }
    },
    {
      "type": "Feature",
      "geometry": {
        "type": "Point",
        "coordinates": [
          76.8190972,
          30.702824
        ]
      },
      "properties": {
        "direction_id": "r16523080",
        "route_id": "240",
        "sequence": 4,
        "osm_node_id": 2914440106,
        "name": "Chandigarh Railway Station",
        "footfall_prior": 0.0
      }
    },
    {
      "type": "Feature",
      "geometry": {
        "type": "Point",
        "coordinates": [
          76.8227532,
          30.7123935
        ]
      },
      "properties": {
        "direction_id": "r16523080",
        "route_id": "240",
        "sequence": 5,
        "osm_node_id": 11230165511,
        "name": null,
        "footfall_prior": 0.0
      }
    },
    {
      "type": "Feature",
      "geometry": {
        "type": "Point",
        "coordinates": [
          76.8296565,
          30.7091315
        ]
      },
      "properties": {
        "direction_id": "r16523080",
        "route_id": "240",
        "sequence": 6,
        "osm_node_id": 11230163714,
        "name": null,
        "footfall_prior": 0.0
      }
    },
    {
      "type": "Feature",
      "geometry": {
        "type": "Point",
        "coordinates": [
          76.8360406,
          30.7076089
        ]
      },
      "properties": {
        "direction_id": "r16523080",
        "route_id": "240",
        "sequence": 7,
        "osm_node_id": 10000240246,
        "name": "Housing Board Chowk",
        "footfall_prior": 0.0
      }
    },
    {
      "type": "Feature",
      "geometry": {
        "type": "Point",
        "coordinates": [
          76.8390732,
          30.7092765
        ]
      },
      "properties": {
        "direction_id": "r16523080",
        "route_id": "240",
        "sequence": 8,
        "osm_node_id": 10744858599,
        "name": null,
        "footfall_prior": 0.0
      }
    },
    {
      "type": "Feature",
      "geometry": {
        "type": "Point",
        "coordinates": [
          76.7426917,
          30.7163272
        ]
      },
      "properties": {
        "direction_id": "r16523623",
        "route_id": "241",
        "sequence": 0,
        "osm_node_id": 1425480419,
        "name": "ISBT",
        "footfall_prior": 0.0
      }
    },
    {
      "type": "Feature",
      "geometry": {
        "type": "Point",
        "coordinates": [
          76.8058122,
          30.722752
        ]
      },
      "properties": {
        "direction_id": "r16523623",
        "route_id": "241",
        "sequence": 1,
        "osm_node_id": 11364089920,
        "name": null,
        "footfall_prior": 0.0
      }
    },
    {
      "type": "Feature",
      "geometry": {
        "type": "Point",
        "coordinates": [
          76.8074116,
          30.722668
        ]
      },
      "properties": {
        "direction_id": "r16523623",
        "route_id": "241",
        "sequence": 2,
        "osm_node_id": 11335525458,
        "name": null,
        "footfall_prior": 0.0
      }
    },
    {
      "type": "Feature",
      "geometry": {
        "type": "Point",
        "coordinates": [
          76.8135477,
          30.7170531
        ]
      },
      "properties": {
        "direction_id": "r16523623",
        "route_id": "241",
        "sequence": 3,
        "osm_node_id": 11230148264,
        "name": null,
        "footfall_prior": 0.0
      }
    },
    {
      "type": "Feature",
      "geometry": {
        "type": "Point",
        "coordinates": [
          76.8190972,
          30.702824
        ]
      },
      "properties": {
        "direction_id": "r16523623",
        "route_id": "241",
        "sequence": 4,
        "osm_node_id": 2914440106,
        "name": "Chandigarh Railway Station",
        "footfall_prior": 0.0
      }
    },
    {
      "type": "Feature",
      "geometry": {
        "type": "Point",
        "coordinates": [
          76.8227532,
          30.7123935
        ]
      },
      "properties": {
        "direction_id": "r16523623",
        "route_id": "241",
        "sequence": 5,
        "osm_node_id": 11230165511,
        "name": null,
        "footfall_prior": 0.0
      }
    },
    {
      "type": "Feature",
      "geometry": {
        "type": "Point",
        "coordinates": [
          76.8296565,
          30.7091315
        ]
      },
      "properties": {
        "direction_id": "r16523623",
        "route_id": "241",
        "sequence": 6,
        "osm_node_id": 11230163714,
        "name": null,
        "footfall_prior": 0.0
      }
    },
    {
      "type": "Feature",
      "geometry": {
        "type": "Point",
        "coordinates": [
          76.8360406,
          30.7076089
        ]
      },
      "properties": {
        "direction_id": "r16523623",
        "route_id": "241",
        "sequence": 7,
        "osm_node_id": 10000240246,
        "name": "Housing Board Chowk",
        "footfall_prior": 0.0
      }
    },
    {
      "type": "Feature",
      "geometry": {
        "type": "Point",
        "coordinates": [
          76.8390732,
          30.7092765
        ]
      },
      "properties": {
        "direction_id": "r16523623",
        "route_id": "241",
        "sequence": 8,
        "osm_node_id": 10744858599,
        "name": null,
        "footfall_prior": 0.0
      }
    },
    {
      "type": "Feature",
      "geometry": {
        "type": "Point",
        "coordinates": [
          76.8391663,
          30.7090224
        ]
      },
      "properties": {
        "direction_id": "r16523644",
        "route_id": "241",
        "sequence": 0,
        "osm_node_id": 11148076756,
        "name": null,
        "footfall_prior": 0.0
      }
    },
    {
      "type": "Feature",
      "geometry": {
        "type": "Point",
        "coordinates": [
          76.8360406,
          30.7076089
        ]
      },
      "properties": {
        "direction_id": "r16523644",
        "route_id": "241",
        "sequence": 1,
        "osm_node_id": 10000240246,
        "name": "Housing Board Chowk",
        "footfall_prior": 0.0
      }
    },
    {
      "type": "Feature",
      "geometry": {
        "type": "Point",
        "coordinates": [
          76.8296565,
          30.7091315
        ]
      },
      "properties": {
        "direction_id": "r16523644",
        "route_id": "241",
        "sequence": 2,
        "osm_node_id": 11230163714,
        "name": null,
        "footfall_prior": 0.0
      }
    },
    {
      "type": "Feature",
      "geometry": {
        "type": "Point",
        "coordinates": [
          76.8227532,
          30.7123935
        ]
      },
      "properties": {
        "direction_id": "r16523644",
        "route_id": "241",
        "sequence": 3,
        "osm_node_id": 11230165511,
        "name": null,
        "footfall_prior": 0.0
      }
    },
    {
      "type": "Feature",
      "geometry": {
        "type": "Point",
        "coordinates": [
          76.8190972,
          30.702824
        ]
      },
      "properties": {
        "direction_id": "r16523644",
        "route_id": "241",
        "sequence": 4,
        "osm_node_id": 2914440106,
        "name": "Chandigarh Railway Station",
        "footfall_prior": 0.0
      }
    },
    {
      "type": "Feature",
      "geometry": {
        "type": "Point",
        "coordinates": [
          76.8135477,
          30.7170531
        ]
      },
      "properties": {
        "direction_id": "r16523644",
        "route_id": "241",
        "sequence": 5,
        "osm_node_id": 11230148264,
        "name": null,
        "footfall_prior": 0.0
      }
    },
    {
      "type": "Feature",
      "geometry": {
        "type": "Point",
        "coordinates": [
          76.8074116,
          30.722668
        ]
      },
      "properties": {
        "direction_id": "r16523644",
        "route_id": "241",
        "sequence": 6,
        "osm_node_id": 11335525458,
        "name": null,
        "footfall_prior": 0.0
      }
    },
    {
      "type": "Feature",
      "geometry": {
        "type": "Point",
        "coordinates": [
          76.8058122,
          30.722752
        ]
      },
      "properties": {
        "direction_id": "r16523644",
        "route_id": "241",
        "sequence": 7,
        "osm_node_id": 11364089920,
        "name": null,
        "footfall_prior": 0.0
      }
    },
    {
      "type": "Feature",
      "geometry": {
        "type": "Point",
        "coordinates": [
          76.7426917,
          30.7163272
        ]
      },
      "properties": {
        "direction_id": "r16523644",
        "route_id": "241",
        "sequence": 8,
        "osm_node_id": 1425480419,
        "name": "ISBT",
        "footfall_prior": 0.0
      }
    },
    {
      "type": "Feature",
      "geometry": {
        "type": "Point",
        "coordinates": [
          76.7433637,
          30.7171785
        ]
      },
      "properties": {
        "direction_id": "r16523644",
        "route_id": "241",
        "sequence": 9,
        "osm_node_id": 28845205,
        "name": "CTU Local Bus Station 43",
        "footfall_prior": 0.0
      }
    },
    {
      "type": "Feature",
      "geometry": {
        "type": "Point",
        "coordinates": [
          76.7752879,
          30.7600181
        ]
      },
      "properties": {
        "direction_id": "r16523676",
        "route_id": "242",
        "sequence": 0,
        "osm_node_id": 11053559568,
        "name": "PGI",
        "footfall_prior": 0.0
      }
    },
    {
      "type": "Feature",
      "geometry": {
        "type": "Point",
        "coordinates": [
          76.7787227,
          30.7326894
        ]
      },
      "properties": {
        "direction_id": "r16523676",
        "route_id": "242",
        "sequence": 1,
        "osm_node_id": 11147476433,
        "name": null,
        "footfall_prior": 0.0
      }
    },
    {
      "type": "Feature",
      "geometry": {
        "type": "Point",
        "coordinates": [
          76.7660614,
          30.7247451
        ]
      },
      "properties": {
        "direction_id": "r16523676",
        "route_id": "242",
        "sequence": 2,
        "osm_node_id": 1041047045,
        "name": "Bus Stop, Sector 34-A",
        "footfall_prior": 0.0
      }
    },
    {
      "type": "Feature",
      "geometry": {
        "type": "Point",
        "coordinates": [
          76.7433637,
          30.7171785
        ]
      },
      "properties": {
        "direction_id": "r16523676",
        "route_id": "242",
        "sequence": 3,
        "osm_node_id": 28845205,
        "name": "CTU Local Bus Station 43",
        "footfall_prior": 0.0
      }
    },
    {
      "type": "Feature",
      "geometry": {
        "type": "Point",
        "coordinates": [
          76.7426917,
          30.7163272
        ]
      },
      "properties": {
        "direction_id": "r16523676",
        "route_id": "242",
        "sequence": 4,
        "osm_node_id": 1425480419,
        "name": "ISBT",
        "footfall_prior": 0.0
      }
    },
    {
      "type": "Feature",
      "geometry": {
        "type": "Point",
        "coordinates": [
          76.7426917,
          30.7163272
        ]
      },
      "properties": {
        "direction_id": "r16523677",
        "route_id": "242",
        "sequence": 0,
        "osm_node_id": 1425480419,
        "name": "ISBT",
        "footfall_prior": 0.0
      }
    },
    {
      "type": "Feature",
      "geometry": {
        "type": "Point",
        "coordinates": [
          76.7433637,
          30.7171785
        ]
      },
      "properties": {
        "direction_id": "r16523677",
        "route_id": "242",
        "sequence": 1,
        "osm_node_id": 28845205,
        "name": "CTU Local Bus Station 43",
        "footfall_prior": 0.0
      }
    },
    {
      "type": "Feature",
      "geometry": {
        "type": "Point",
        "coordinates": [
          76.7504965,
          30.7153735
        ]
      },
      "properties": {
        "direction_id": "r16523677",
        "route_id": "242",
        "sequence": 2,
        "osm_node_id": 4306384689,
        "name": "Sector 43-44 road",
        "footfall_prior": 0.0
      }
    },
    {
      "type": "Feature",
      "geometry": {
        "type": "Point",
        "coordinates": [
          76.7660614,
          30.7247451
        ]
      },
      "properties": {
        "direction_id": "r16523677",
        "route_id": "242",
        "sequence": 3,
        "osm_node_id": 1041047045,
        "name": "Bus Stop, Sector 34-A",
        "footfall_prior": 0.0
      }
    },
    {
      "type": "Feature",
      "geometry": {
        "type": "Point",
        "coordinates": [
          76.7787227,
          30.7326894
        ]
      },
      "properties": {
        "direction_id": "r16523677",
        "route_id": "242",
        "sequence": 4,
        "osm_node_id": 11147476433,
        "name": null,
        "footfall_prior": 0.0
      }
    },
    {
      "type": "Feature",
      "geometry": {
        "type": "Point",
        "coordinates": [
          76.7752879,
          30.7600181
        ]
      },
      "properties": {
        "direction_id": "r16523677",
        "route_id": "242",
        "sequence": 5,
        "osm_node_id": 11053559568,
        "name": "PGI",
        "footfall_prior": 0.0
      }
    }
  ]
}